step,layer_idx,phase,t_ns,allocated_gb,reserved_gb,max_allocated_gb
0,0,fwd_pre,10211552034761498,9.880408064,23.521656832,22.388727808
0,0,fwd_post,10211563566926729,10.94748416,39.984300032,33.216265728
0,1,fwd_pre,10211563567541886,10.11804416,39.984300032,33.216265728
0,1,fwd_post,10211567186438434,10.94748416,40.697331712,33.216265728
0,2,fwd_pre,10211567186849620,10.11804416,40.697331712,33.216265728
0,2,fwd_post,10211570806179970,10.94748416,40.697331712,33.216265728
0,3,fwd_pre,10211570806680005,10.11804416,40.697331712,33.216265728
0,3,fwd_post,10211574437778703,10.94748416,40.697331712,33.216265728
0,4,fwd_pre,10211574438191932,10.11804416,40.697331712,33.216265728
0,4,fwd_post,10211578030434292,10.94748416,40.697331712,33.216265728
0,5,fwd_pre,10211578030813715,10.11804416,40.697331712,33.216265728
0,5,fwd_post,10211581657069714,10.94748416,40.697331712,33.216265728
0,6,fwd_pre,10211581657420615,10.11804416,40.697331712,33.216265728
0,6,fwd_post,10211585308083024,10.94748416,40.697331712,33.216265728
0,7,fwd_pre,10211585308495848,10.11804416,40.697331712,33.216265728
0,7,fwd_post,10211588939973823,10.94748416,40.697331712,33.216265728
0,8,fwd_pre,10211588940325061,10.11804416,40.697331712,33.216265728
0,8,fwd_post,10211592573703140,10.94748416,40.697331712,33.216265728
0,9,fwd_pre,10211592574131985,10.11804416,40.697331712,33.216265728
0,9,fwd_post,10211596199404274,10.94748416,40.697331712,33.216265728
0,10,fwd_pre,10211596199845047,10.11804416,40.697331712,33.216265728
0,10,fwd_post,10211599837447251,10.94748416,40.697331712,33.216265728
0,11,fwd_pre,10211599837873920,10.11804416,40.697331712,33.216265728
0,11,fwd_post,10211603490200649,10.94748416,40.697331712,33.216265728
0,12,fwd_pre,10211603490576634,10.11804416,40.697331712,33.216265728
0,12,fwd_post,10211607132769019,10.94748416,40.697331712,33.216265728
0,13,fwd_pre,10211607133343119,10.11804416,40.697331712,33.216265728
0,13,fwd_post,10211610763934131,10.94748416,40.697331712,33.216265728
0,14,fwd_pre,10211610764382339,10.11804416,40.697331712,33.216265728
0,14,fwd_post,10211614412235331,10.94748416,40.697331712,33.216265728
0,15,fwd_pre,10211614412583305,10.11804416,40.697331712,33.216265728
0,15,fwd_post,10211618026187612,10.94748416,40.697331712,33.216265728
0,16,fwd_pre,10211618026585294,10.11804416,40.697331712,33.216265728
0,16,fwd_post,10211621654681876,10.94748416,40.697331712,33.216265728
0,17,fwd_pre,10211621655031782,10.11804416,40.697331712,33.216265728
0,17,fwd_post,10211625300881966,10.94748416,40.697331712,33.216265728
0,18,fwd_pre,10211625301411013,10.11804416,40.697331712,33.216265728
0,18,fwd_post,10211628924733218,10.94748416,40.697331712,33.216265728
0,19,fwd_pre,10211628925239522,10.11804416,40.697331712,33.216265728
0,19,fwd_post,10211632580584212,10.94748416,40.697331712,33.216265728
0,20,fwd_pre,10211632581056284,10.11804416,40.697331712,33.216265728
0,20,fwd_post,10211636198846137,10.94748416,40.697331712,33.216265728
0,21,fwd_pre,10211636290432308,10.11804416,40.697331712,10.94748416
0,21,fwd_post,10211639880037766,10.94748416,40.697331712,33.216265728
0,22,fwd_pre,10211639880430069,10.11804416,40.697331712,33.216265728
0,22,fwd_post,10211643523738003,10.94748416,40.697331712,33.216265728
0,23,fwd_pre,10211643524302869,10.11804416,40.697331712,33.216265728
0,23,fwd_post,10211647162905470,10.94748416,40.697331712,33.216265728
0,24,fwd_pre,10211647163456652,10.11804416,40.697331712,33.216265728
0,24,fwd_post,10211650805962379,10.94748416,40.697331712,33.216265728
0,25,fwd_pre,10211650806363992,10.11804416,40.697331712,33.216265728
0,25,fwd_post,10211654513467476,10.94748416,40.697331712,33.216265728
0,26,fwd_pre,10211654513917901,10.11804416,40.697331712,33.216265728
0,26,fwd_post,10211658223804630,10.94748416,40.697331712,33.216265728
0,27,fwd_pre,10211658224334377,10.11804416,40.697331712,33.216265728
0,27,fwd_post,10211661925857487,10.94748416,40.697331712,33.216265728
0,28,fwd_pre,10211661926270785,10.11804416,40.697331712,33.216265728
0,28,fwd_post,10211665649470972,10.94748416,40.697331712,33.216265728
0,29,fwd_pre,10211665649873648,10.11804416,40.697331712,33.216265728
0,29,fwd_post,10211669358183425,10.94748416,40.697331712,33.216265728
0,30,fwd_pre,10211669358557446,10.11804416,40.697331712,33.216265728
0,30,fwd_post,10211673068049017,10.94748416,40.697331712,33.216265728
0,31,fwd_pre,10211673068514222,10.11804416,40.697331712,33.216265728
0,31,fwd_post,10211676783544137,10.94748416,40.697331712,33.216265728
0,32,fwd_pre,10211676784131005,10.11804416,40.697331712,33.216265728
0,32,fwd_post,10211680474634096,10.94748416,40.697331712,33.216265728
0,33,fwd_pre,10211680475219500,10.11804416,40.697331712,33.216265728
0,33,fwd_post,10211684163698002,10.94748416,40.697331712,33.216265728
0,34,fwd_pre,10211684164271184,10.11804416,40.697331712,33.216265728
0,34,fwd_post,10211687883076287,10.94748416,40.697331712,33.216265728
0,35,fwd_pre,10211687883620479,10.11804416,40.697331712,33.216265728
0,35,fwd_post,10211691600212583,10.94748416,40.697331712,33.216265728
0,36,fwd_pre,10211691600753401,10.11804416,40.697331712,33.216265728
0,36,fwd_post,10211695312163807,10.94748416,40.697331712,33.216265728
0,37,fwd_pre,10211695312584667,10.11804416,40.697331712,33.216265728
0,37,fwd_post,10211699018059783,10.94748416,40.697331712,33.216265728
0,38,fwd_pre,10211699018488606,10.11804416,40.697331712,33.216265728
0,38,fwd_post,10211702728815488,10.94748416,40.697331712,33.216265728
0,39,fwd_pre,10211702729261952,10.11804416,40.697331712,33.216265728
0,39,fwd_post,10211706446916147,10.94748416,40.697331712,33.216265728
0,39,bwd_pre,10211706713540851,11.816468992,42.377150464,26.024515584
0,39,bwd_post,10211710759922970,13.399759872,54.27429376,48.573693952
0,38,bwd_pre,10211710760453571,13.405064192,54.27429376,48.573693952
0,38,bwd_post,10211723111504333,13.58086912,55.84715776,50.161240576
0,37,bwd_pre,10211723113152940,13.58086912,55.84715776,50.161240576
0,37,bwd_post,10211735386923234,13.756674048,56.03590144,50.337045504
0,36,bwd_pre,10211735409039720,13.756674048,56.87476224,50.337045504
0,36,bwd_post,10211747685252044,13.932478976,57.0425344,50.512850432
0,35,bwd_pre,10211747685879054,13.932478976,57.0425344,50.512850432
0,35,bwd_post,10211760016678749,14.108283904,57.21030656,50.68865536
0,34,bwd_pre,10211760017351933,14.108283904,57.21030656,50.68865536
0,34,bwd_post,10211772338016381,14.284088832,57.39905024,50.864460288
0,33,bwd_pre,10211772338742161,14.284088832,57.39905024,50.864460288
0,33,bwd_post,10211784641759948,14.45989376,57.5668224,51.040265216
0,32,bwd_pre,10211784642381014,14.45989376,57.5668224,51.040265216
0,32,bwd_post,10211796957301376,14.635698688,57.75556608,51.216070144
0,31,bwd_pre,10211796958229879,14.635698688,57.75556608,51.216070144
0,31,bwd_post,10211809286220552,14.811503616,57.92333824,51.391875072
0,30,bwd_pre,10211809287077319,14.811503616,57.92333824,51.391875072
0,30,bwd_post,10211821582207976,14.987308544,58.0911104,51.56768
0,29,bwd_pre,10211821582857787,14.987308544,58.0911104,51.56768
0,29,bwd_post,10211833900350804,15.163113472,58.27985408,51.743484928
0,28,bwd_pre,10211833900923593,15.163113472,58.27985408,51.743484928
0,28,bwd_post,10211846227732799,15.3389184,58.44762624,51.919289856
0,27,bwd_pre,10211846228452051,15.3389184,58.44762624,51.919289856
0,27,bwd_post,10211858549186130,15.514723328,58.6153984,52.095094784
0,26,bwd_pre,10211858549883711,15.514723328,58.6153984,52.095094784
0,26,bwd_post,10211870870491650,15.690528256,58.80414208,52.270899712
0,25,bwd_pre,10211870871146160,15.690528256,58.80414208,52.270899712
0,25,bwd_post,10211883177391419,15.866333184,58.97191424,52.44670464
0,24,bwd_pre,10211883178112809,15.866333184,58.97191424,52.44670464
0,24,bwd_post,10211895494638181,16.042138112,59.16065792,52.622509568
0,23,bwd_pre,10211895495338749,16.042138112,59.16065792,52.622509568
0,23,bwd_post,10211907838153492,16.21794304,59.32843008,52.798314496
0,22,bwd_pre,10211907838860865,16.21794304,59.32843008,52.798314496
0,22,bwd_post,10211920176385384,16.393747968,59.49620224,52.974119424
0,21,bwd_pre,10211920176995820,16.393747968,59.49620224,52.974119424
0,21,bwd_post,10211932497965553,16.569552896,59.68494592,53.149924352
0,20,bwd_pre,10211932498663714,16.569552896,59.68494592,53.149924352
0,20,bwd_post,10211944821095080,16.745357824,59.85271808,53.32572928
0,19,bwd_pre,10211944821793429,16.745357824,59.85271808,53.32572928
0,19,bwd_post,10211957141151794,16.921162752,60.04146176,53.501534208
0,18,bwd_pre,10211957141763519,16.921162752,60.04146176,53.501534208
0,18,bwd_post,10211969457212450,17.09696768,60.20923392,53.677339136
0,17,bwd_pre,10211969458012962,17.09696768,60.20923392,53.677339136
0,17,bwd_post,10211981787125418,17.272772608,60.37700608,53.853144064
0,16,bwd_pre,10211981787827747,17.272772608,60.37700608,53.853144064
0,16,bwd_post,10211994118403876,17.448577536,60.56574976,54.028948992
0,15,bwd_pre,10211994119108601,17.448577536,60.56574976,54.028948992
0,15,bwd_post,10212006437499006,17.624382464,60.73352192,54.20475392
0,14,bwd_pre,10212006438109513,17.624382464,60.73352192,54.20475392
0,14,bwd_post,10212018753746059,17.800187392,60.90129408,54.380558848
0,13,bwd_pre,10212018754445561,17.800187392,60.90129408,54.380558848
0,13,bwd_post,10212031098805010,17.97599232,61.09003776,54.556363776
0,12,bwd_pre,10212031099471806,17.97599232,61.09003776,54.556363776
0,12,bwd_post,10212043440395220,18.151797248,61.25780992,54.732168704
0,11,bwd_pre,10212043441026627,18.151797248,61.25780992,54.732168704
0,11,bwd_post,10212055780594773,18.327602176,61.4465536,54.907973632
0,10,bwd_pre,10212055781289474,18.327602176,61.4465536,54.907973632
0,10,bwd_post,10212068112129897,18.503407104,61.61432576,55.08377856
0,9,bwd_pre,10212068112806317,18.503407104,61.61432576,55.08377856
0,9,bwd_post,10212080453084301,18.679212032,61.78209792,55.259583488
0,8,bwd_pre,10212080453777296,18.679212032,61.78209792,55.259583488
0,8,bwd_post,10212092790600747,18.85501696,61.9708416,55.435388416
0,7,bwd_pre,10212092791216061,18.85501696,61.9708416,55.435388416
0,7,bwd_post,10212105133629174,19.030821888,62.13861376,55.611193344
0,6,bwd_pre,10212105134338121,19.030821888,62.13861376,55.611193344
0,6,bwd_post,10212117474049845,19.206626816,62.32735744,55.786998272
0,5,bwd_pre,10212117474748115,19.206626816,62.32735744,55.786998272
0,5,bwd_post,10212129814814870,19.382431744,62.4951296,55.9628032
0,4,bwd_pre,10212129815449897,19.382431744,62.4951296,55.9628032
0,4,bwd_post,10212142131750078,19.558236672,62.66290176,56.138608128
0,3,bwd_pre,10212142132436921,19.558236672,62.66290176,56.138608128
0,3,bwd_post,10212154442354134,19.7340416,62.85164544,56.314413056
0,2,bwd_pre,10212154443039257,19.7340416,62.85164544,56.314413056
0,2,bwd_post,10212166774039313,19.909846528,63.0194176,56.490217984
0,1,bwd_pre,10212166774776180,19.909846528,63.0194176,56.490217984
0,1,bwd_post,10212179099013679,20.085651456,63.18718976,56.666022912
0,0,bwd_pre,10212179099399307,19.250907136,63.18718976,56.666022912
0,0,bwd_post,10212191497931250,18.059941376,63.37593344,56.666022912
1,0,fwd_pre,10212206044325665,24.378085888,63.495471104,36.887454208
1,0,fwd_post,10212209484898061,25.445161984,64.837648384,47.713943552
1,1,fwd_pre,10212209485402122,24.615721984,64.837648384,47.713943552
1,1,fwd_post,10212212782225911,25.445161984,64.837648384,47.713943552
1,2,fwd_pre,10212212782808802,24.615721984,64.837648384,47.713943552
1,2,fwd_post,10212216074335489,25.445161984,64.837648384,47.713943552
1,3,fwd_pre,10212216075018757,24.615721984,64.837648384,47.713943552
1,3,fwd_post,10212219371199233,25.445161984,64.837648384,47.713943552
1,4,fwd_pre,10212219371810867,24.615721984,64.837648384,47.713943552
1,4,fwd_post,10212222682954103,25.445161984,64.837648384,47.713943552
1,5,fwd_pre,10212222683392876,24.615721984,64.837648384,47.713943552
1,5,fwd_post,10212225987403071,25.445161984,64.837648384,47.713943552
1,6,fwd_pre,10212225988066314,24.615721984,64.837648384,47.713943552
1,6,fwd_post,10212229279324233,25.445161984,64.837648384,47.713943552
1,7,fwd_pre,10212229279938017,24.615721984,64.837648384,47.713943552
1,7,fwd_post,10212232587062902,25.445161984,64.837648384,47.713943552
1,8,fwd_pre,10212232587682066,24.615721984,64.837648384,47.713943552
1,8,fwd_post,10212235904346491,25.445161984,64.837648384,47.713943552
1,9,fwd_pre,10212235904765314,24.615721984,64.837648384,47.713943552
1,9,fwd_post,10212239232094184,25.445161984,64.837648384,47.713943552
1,10,fwd_pre,10212239232746279,24.615721984,64.837648384,47.713943552
1,10,fwd_post,10212242550473412,25.445161984,64.837648384,47.713943552
1,11,fwd_pre,10212242551116177,24.615721984,64.837648384,47.713943552
1,11,fwd_post,10212245863641849,25.445161984,64.837648384,47.713943552
1,12,fwd_pre,10212245864280852,24.615721984,64.837648384,47.713943552
1,12,fwd_post,10212249170067627,25.445161984,64.837648384,47.713943552
1,13,fwd_pre,10212249170496356,24.615721984,64.837648384,47.713943552
1,13,fwd_post,10212252493617958,25.445161984,64.837648384,47.713943552
1,14,fwd_pre,10212252494226262,24.615721984,64.837648384,47.713943552
1,14,fwd_post,10212255797659678,25.445161984,64.837648384,47.713943552
1,15,fwd_pre,10212255798289312,24.615721984,64.837648384,47.713943552
1,15,fwd_post,10212259094447689,25.445161984,64.837648384,47.713943552
1,16,fwd_pre,10212259095078933,24.615721984,64.837648384,47.713943552
1,16,fwd_post,10212262414938024,25.445161984,64.837648384,47.713943552
1,17,fwd_pre,10212262415374890,24.615721984,64.837648384,47.713943552
1,17,fwd_post,10212265716615850,25.445161984,64.837648384,47.713943552
1,18,fwd_pre,10212265717034184,24.615721984,64.837648384,47.713943552
1,18,fwd_post,10212269035178153,25.445161984,64.837648384,47.713943552
1,19,fwd_pre,10212269035857588,24.615721984,64.837648384,47.713943552
1,19,fwd_post,10212272343910650,25.445161984,64.837648384,47.713943552
1,20,fwd_pre,10212272344562955,24.615721984,64.837648384,47.713943552
1,20,fwd_post,10212275668278901,25.445161984,64.837648384,47.713943552
1,21,fwd_pre,10212275776693200,24.615721984,64.837648384,25.445161984
1,21,fwd_post,10212279027999289,25.445161984,64.837648384,47.713943552
1,22,fwd_pre,10212279028572550,24.615721984,64.837648384,47.713943552
1,22,fwd_post,10212282342874758,25.445161984,64.837648384,47.713943552
1,23,fwd_pre,10212282343498474,24.615721984,64.837648384,47.713943552
1,23,fwd_post,10212285673525440,25.445161984,64.837648384,47.713943552
1,24,fwd_pre,10212285674108611,24.615721984,64.837648384,47.713943552
1,24,fwd_post,10212289005566865,25.445161984,64.837648384,47.713943552
1,25,fwd_pre,10212289005980109,24.615721984,64.837648384,47.713943552
1,25,fwd_post,10212292326557675,25.445161984,64.837648384,47.713943552
1,26,fwd_pre,10212292327237495,24.615721984,64.837648384,47.713943552
1,26,fwd_post,10212295622532026,25.445161984,64.837648384,47.713943552
1,27,fwd_pre,10212295623161945,24.615721984,64.837648384,47.713943552
1,27,fwd_post,10212298954531416,25.445161984,64.837648384,47.713943552
1,28,fwd_pre,10212298955218394,24.615721984,64.837648384,47.713943552
1,28,fwd_post,10212302281766980,25.445161984,64.837648384,47.713943552
1,29,fwd_pre,10212302282467422,24.615721984,64.837648384,47.713943552
1,29,fwd_post,10212305592370610,25.445161984,64.837648384,47.713943552
1,30,fwd_pre,10212305592950383,24.615721984,64.837648384,47.713943552
1,30,fwd_post,10212308916309023,25.445161984,64.837648384,47.713943552
1,31,fwd_pre,10212308916936779,24.615721984,64.837648384,47.713943552
1,31,fwd_post,10212312229054736,25.445161984,64.837648384,47.713943552
1,32,fwd_pre,10212312229665556,24.615721984,64.837648384,47.713943552
1,32,fwd_post,10212315540744357,25.445161984,64.837648384,47.713943552
1,33,fwd_pre,10212315541182916,24.615721984,64.837648384,47.713943552
1,33,fwd_post,10212318843086193,25.445161984,64.837648384,47.713943552
1,34,fwd_pre,10212318843727849,24.615721984,64.837648384,47.713943552
1,34,fwd_post,10212322163574667,25.445161984,64.837648384,47.713943552
1,35,fwd_pre,10212322164205999,24.615721984,64.837648384,47.713943552
1,35,fwd_post,10212325488263363,25.445161984,64.837648384,47.713943552
1,36,fwd_pre,10212325488934980,24.615721984,64.837648384,47.713943552
1,36,fwd_post,10212328807671599,25.445161984,64.837648384,47.713943552
1,37,fwd_pre,10212328808098220,24.615721984,64.837648384,47.713943552
1,37,fwd_post,10212332125369642,25.445161984,64.837648384,47.713943552
1,38,fwd_pre,10212332125800259,24.615721984,64.837648384,47.713943552
1,38,fwd_post,10212335441114030,25.445161984,64.837648384,47.713943552
1,39,fwd_pre,10212335441703926,24.615721984,64.837648384,47.713943552
1,39,fwd_post,10212338774039389,25.445161984,64.837648384,47.713943552
1,39,bwd_pre,10212338929258131,26.280591872,64.837648384,40.488638464
1,39,bwd_post,10212342901726733,27.862834176,76.539756544,63.036768256
1,38,bwd_pre,10212342902478608,27.868138496,76.539756544,63.036768256
1,38,bwd_post,10212355192361228,28.043943424,77.944848384,64.62431488
1,37,bwd_pre,10212355193158221,28.043943424,77.944848384,64.62431488
1,37,bwd_post,10212367457288187,28.219748352,77.944848384,64.800119808
1,36,bwd_pre,10212367458016199,28.219748352,77.944848384,64.800119808
1,36,bwd_post,10212379754138482,28.39555328,77.944848384,64.975924736
1,35,bwd_pre,10212379754905965,28.39555328,77.944848384,64.975924736
1,35,bwd_post,10212392087680617,28.571358208,77.944848384,65.151729664
1,34,bwd_pre,10212392088505507,28.571358208,77.944848384,65.151729664
1,34,bwd_post,10212404402568411,28.747163136,77.944848384,65.327534592
1,33,bwd_pre,10212404403367081,28.747163136,77.944848384,65.327534592
1,33,bwd_post,10212416697407693,28.922968064,77.944848384,65.50333952
1,32,bwd_pre,10212416698207184,28.922968064,77.944848384,65.50333952
1,32,bwd_post,10212429035622083,29.098772992,77.944848384,65.679144448
1,31,bwd_pre,10212429036874815,29.098772992,77.944848384,65.679144448
1,31,bwd_post,10212441352357367,29.27457792,77.944848384,65.854949376
1,30,bwd_pre,10212441353507036,29.27457792,77.944848384,65.854949376
1,30,bwd_post,10212453680123348,29.450382848,77.944848384,66.030754304
1,29,bwd_pre,10212453680910399,29.450382848,77.944848384,66.030754304
1,29,bwd_post,10212465995740159,29.626187776,77.944848384,66.206559232
1,28,bwd_pre,10212465996360383,29.626187776,77.944848384,66.206559232
1,28,bwd_post,10212478326889394,29.801992704,77.944848384,66.38236416
1,27,bwd_pre,10212478327787191,29.801992704,77.944848384,66.38236416
1,27,bwd_post,10212490636609085,29.977797632,77.944848384,66.558169088
1,26,bwd_pre,10212490637403870,29.977797632,77.944848384,66.558169088
1,26,bwd_post,10212502942879712,30.15360256,77.944848384,66.733974016
1,25,bwd_pre,10212502943531713,30.15360256,77.944848384,66.733974016
1,25,bwd_post,10212515264172796,30.329407488,77.944848384,66.909778944
1,24,bwd_pre,10212515264964693,30.329407488,77.944848384,66.909778944
1,24,bwd_post,10212527577060036,30.505212416,77.944848384,67.085583872
1,23,bwd_pre,10212527577896410,30.505212416,77.944848384,67.085583872
1,23,bwd_post,10212539897360394,30.681017344,77.944848384,67.2613888
1,22,bwd_pre,10212539898140460,30.681017344,77.944848384,67.2613888
1,22,bwd_post,10212552208902167,30.856822272,77.944848384,67.437193728
1,21,bwd_pre,10212552209555139,30.856822272,77.944848384,67.437193728
1,21,bwd_post,10212564510781026,31.0326272,77.944848384,67.612998656
1,20,bwd_pre,10212564511627890,31.0326272,77.944848384,67.612998656
1,20,bwd_post,10212576804643500,31.208432128,77.944848384,67.788803584
1,19,bwd_pre,10212576805444774,31.208432128,77.944848384,67.788803584
1,19,bwd_post,10212589112345993,31.384237056,77.944848384,67.964608512
1,18,bwd_pre,10212589112976063,31.384237056,77.944848384,67.964608512
1,18,bwd_post,10212601414686151,31.560041984,77.944848384,68.14041344
1,17,bwd_pre,10212601415599588,31.560041984,77.944848384,68.14041344
1,17,bwd_post,10212613718131701,31.735846912,77.944848384,68.316218368
1,16,bwd_pre,10212613719056749,31.735846912,77.944848384,68.316218368
1,16,bwd_post,10212626016179661,31.91165184,77.944848384,68.492023296
1,15,bwd_pre,10212626016962677,31.91165184,77.944848384,68.492023296
1,15,bwd_post,10212638338281654,32.087456768,77.944848384,68.667828224
1,14,bwd_pre,10212638338895627,32.087456768,77.944848384,68.667828224
1,14,bwd_post,10212650634335510,32.263261696,77.944848384,68.843633152
1,13,bwd_pre,10212650635179894,32.263261696,77.944848384,68.843633152
1,13,bwd_post,10212662953384990,32.439066624,77.944848384,69.01943808
1,12,bwd_pre,10212662954223526,32.439066624,77.944848384,69.01943808
1,12,bwd_post,10212675287736872,32.614871552,77.944848384,69.195243008
1,11,bwd_pre,10212675288396481,32.614871552,77.944848384,69.195243008
1,11,bwd_post,10212687619710933,32.79067648,77.944848384,69.371047936
1,10,bwd_pre,10212687620524590,32.79067648,77.944848384,69.371047936
1,10,bwd_post,10212699964077043,32.966481408,77.944848384,69.546852864
1,9,bwd_pre,10212699964922470,32.966481408,77.944848384,69.546852864
1,9,bwd_post,10212712289375278,33.142286336,77.944848384,69.722657792
1,8,bwd_pre,10212712290138083,33.142286336,77.944848384,69.722657792
1,8,bwd_post,10212724622085751,33.318091264,77.944848384,69.89846272
1,7,bwd_pre,10212724622723862,33.318091264,77.944848384,69.89846272
1,7,bwd_post,10212736925636274,33.493896192,77.944848384,70.074267648
1,6,bwd_pre,10212736926486303,33.493896192,77.944848384,70.074267648
1,6,bwd_post,10212749218634724,33.66970112,77.944848384,70.250072576
1,5,bwd_pre,10212749219502216,33.66970112,77.944848384,70.250072576
1,5,bwd_post,10212761497182298,33.845506048,77.944848384,70.425877504
1,4,bwd_pre,10212761497867196,33.845506048,77.944848384,70.425877504
1,4,bwd_post,10212773770607734,34.021310976,77.944848384,70.601682432
1,3,bwd_pre,10212773771432161,34.021310976,77.944848384,70.601682432
1,3,bwd_post,10212786087981897,34.197115904,77.944848384,70.77748736
1,2,bwd_pre,10212786088866250,34.197115904,77.944848384,70.77748736
1,2,bwd_post,10212798391400547,34.372920832,77.944848384,70.953292288
1,1,bwd_pre,10212798392174560,34.372920832,77.944848384,70.953292288
1,1,bwd_post,10212810687788686,34.54872576,77.944848384,71.129097216
1,0,bwd_pre,10212810688203834,33.71398144,77.944848384,71.129097216
1,0,bwd_post,10212823058677812,32.52301568,77.944848384,71.129097216
2,0,fwd_pre,10212834649419902,24.378085888,77.944848384,36.887454208
2,0,fwd_post,10212837971878404,25.445161984,77.944848384,47.713943552
2,1,fwd_pre,10212837972438310,24.615721984,77.944848384,47.713943552
2,1,fwd_post,10212841257840323,25.445161984,77.944848384,47.713943552
2,2,fwd_pre,10212841258497643,24.615721984,77.944848384,47.713943552
2,2,fwd_post,10212844546872698,25.445161984,77.944848384,47.713943552
2,3,fwd_pre,10212844547521888,24.615721984,77.944848384,47.713943552
2,3,fwd_post,10212847838720582,25.445161984,77.944848384,47.713943552
2,4,fwd_pre,10212847839335609,24.615721984,77.944848384,47.713943552
2,4,fwd_post,10212851138470977,25.445161984,77.944848384,47.713943552
2,5,fwd_pre,10212851138968794,24.615721984,77.944848384,47.713943552
2,5,fwd_post,10212854413342523,25.445161984,77.944848384,47.713943552
2,6,fwd_pre,10212854414060785,24.615721984,77.944848384,47.713943552
2,6,fwd_post,10212857699368495,25.445161984,77.944848384,47.713943552
2,7,fwd_pre,10212857700029612,24.615721984,77.944848384,47.713943552
2,7,fwd_post,10212860984241892,25.445161984,77.944848384,47.713943552
2,8,fwd_pre,10212860984902621,24.615721984,77.944848384,47.713943552
2,8,fwd_post,10212864268345466,25.445161984,77.944848384,47.713943552
2,9,fwd_pre,10212864268800895,24.615721984,77.944848384,47.713943552
2,9,fwd_post,10212867565321514,25.445161984,77.944848384,47.713943552
2,10,fwd_pre,10212867565958611,24.615721984,77.944848384,47.713943552
2,10,fwd_post,10212870846440228,25.445161984,77.944848384,47.713943552
2,11,fwd_pre,10212870847054399,24.615721984,77.944848384,47.713943552
2,11,fwd_post,10212874132462553,25.445161984,77.944848384,47.713943552
2,12,fwd_pre,10212874133074091,24.615721984,77.944848384,47.713943552
2,12,fwd_post,10212877415507231,25.445161984,77.944848384,47.713943552
2,13,fwd_pre,10212877415967558,24.615721984,77.944848384,47.713943552
2,13,fwd_post,10212880731145933,25.445161984,77.944848384,47.713943552
2,14,fwd_pre,10212880731818416,24.615721984,77.944848384,47.713943552
2,14,fwd_post,10212884014595816,25.445161984,77.944848384,47.713943552
2,15,fwd_pre,10212884015219590,24.615721984,77.944848384,47.713943552
2,15,fwd_post,10212887288353928,25.445161984,77.944848384,47.713943552
2,16,fwd_pre,10212887289033402,24.615721984,77.944848384,47.713943552
2,16,fwd_post,10212890593320383,25.445161984,77.944848384,47.713943552
2,17,fwd_pre,10212890593791049,24.615721984,77.944848384,47.713943552
2,17,fwd_post,10212893901138800,25.445161984,77.944848384,47.713943552
2,18,fwd_pre,10212893901594496,24.615721984,77.944848384,47.713943552
2,18,fwd_post,10212897182537182,25.445161984,77.944848384,47.713943552
2,19,fwd_pre,10212897183497960,24.615721984,77.944848384,47.713943552
2,19,fwd_post,10212900483846596,25.445161984,77.944848384,47.713943552
2,20,fwd_pre,10212900484468763,24.615721984,77.944848384,47.713943552
2,20,fwd_post,10212903791441734,25.445161984,77.944848384,47.713943552
2,21,fwd_pre,10212903898902476,24.615721984,77.944848384,25.445161984
2,21,fwd_post,10212907121093510,25.445161984,77.944848384,47.713943552
2,22,fwd_pre,10212907121748949,24.615721984,77.944848384,47.713943552
2,22,fwd_post,10212910419904837,25.445161984,77.944848384,47.713943552
2,23,fwd_pre,10212910420570855,24.615721984,77.944848384,47.713943552
2,23,fwd_post,10212913733217385,25.445161984,77.944848384,47.713943552
2,24,fwd_pre,10212913733846461,24.615721984,77.944848384,47.713943552
2,24,fwd_post,10212917052422610,25.445161984,77.944848384,47.713943552
2,25,fwd_pre,10212917052875036,24.615721984,77.944848384,47.713943552
2,25,fwd_post,10212920352754175,25.445161984,77.944848384,47.713943552
2,26,fwd_pre,10212920353350982,24.615721984,77.944848384,47.713943552
2,26,fwd_post,10212923669327373,25.445161984,77.944848384,47.713943552
2,27,fwd_pre,10212923669972644,24.615721984,77.944848384,47.713943552
2,27,fwd_post,10212926985698248,25.445161984,77.944848384,47.713943552
2,28,fwd_pre,10212926986321256,24.615721984,77.944848384,47.713943552
2,28,fwd_post,10212930296857841,25.445161984,77.944848384,47.713943552
2,29,fwd_pre,10212930297306884,24.615721984,77.944848384,47.713943552
2,29,fwd_post,10212933606157277,25.445161984,77.944848384,47.713943552
2,30,fwd_pre,10212933606806950,24.615721984,77.944848384,47.713943552
2,30,fwd_post,10212936923748453,25.445161984,77.944848384,47.713943552
2,31,fwd_pre,10212936924393179,24.615721984,77.944848384,47.713943552
2,31,fwd_post,10212940211709345,25.445161984,77.944848384,47.713943552
2,32,fwd_pre,10212940212341722,24.615721984,77.944848384,47.713943552
2,32,fwd_post,10212943506579544,25.445161984,77.944848384,47.713943552
2,33,fwd_pre,10212943507035967,24.615721984,77.944848384,47.713943552
2,33,fwd_post,10212946808493118,25.445161984,77.944848384,47.713943552
2,34,fwd_pre,10212946809115226,24.615721984,77.944848384,47.713943552
2,34,fwd_post,10212950114139936,25.445161984,77.944848384,47.713943552
2,35,fwd_pre,10212950114804057,24.615721984,77.944848384,47.713943552
2,35,fwd_post,10212953435206052,25.445161984,77.944848384,47.713943552
2,36,fwd_pre,10212953435827264,24.615721984,77.944848384,47.713943552
2,36,fwd_post,10212956747461534,25.445161984,77.944848384,47.713943552
2,37,fwd_pre,10212956747899027,24.615721984,77.944848384,47.713943552
2,37,fwd_post,10212960076793019,25.445161984,77.944848384,47.713943552
2,38,fwd_pre,10212960077237251,24.615721984,77.944848384,47.713943552
2,38,fwd_post,10212963379446147,25.445161984,77.944848384,47.713943552
2,39,fwd_pre,10212963380077952,24.615721984,77.944848384,47.713943552
2,39,fwd_post,10212966698953646,25.445161984,77.944848384,47.713943552
2,39,bwd_pre,10212966850804297,26.280591872,77.944848384,40.488638464
2,39,bwd_post,10212970141362509,27.862834176,77.944848384,63.036768256
2,38,bwd_pre,10212970142007299,27.868138496,77.944848384,63.036768256
2,38,bwd_post,10212982451657778,28.043943424,77.944848384,64.62431488
2,37,bwd_pre,10212982452493218,28.043943424,77.944848384,64.62431488
2,37,bwd_post,10212994757509210,28.219748352,77.944848384,64.800119808
2,36,bwd_pre,10212994758228174,28.219748352,77.944848384,64.800119808
2,36,bwd_post,10213007060240602,28.39555328,77.944848384,64.975924736
2,35,bwd_pre,10213007061059879,28.39555328,77.944848384,64.975924736
2,35,bwd_post,10213019358096421,28.571358208,77.944848384,65.151729664
2,34,bwd_pre,10213019358933161,28.571358208,77.944848384,65.151729664
2,34,bwd_post,10213031659774894,28.747163136,77.944848384,65.327534592
2,33,bwd_pre,10213031660693666,28.747163136,77.944848384,65.327534592
2,33,bwd_post,10213043955416769,28.922968064,77.944848384,65.50333952
2,32,bwd_pre,10213043956240504,28.922968064,77.944848384,65.50333952
2,32,bwd_post,10213056250866286,29.098772992,77.944848384,65.679144448
2,31,bwd_pre,10213056252518277,29.098772992,77.944848384,65.679144448
2,31,bwd_post,10213068545372110,29.27457792,77.944848384,65.854949376
2,30,bwd_pre,10213068546210618,29.27457792,77.944848384,65.854949376
2,30,bwd_post,10213080841678885,29.450382848,77.944848384,66.030754304
2,29,bwd_pre,10213080842512146,29.450382848,77.944848384,66.030754304
2,29,bwd_post,10213093165286621,29.626187776,77.944848384,66.206559232
2,28,bwd_pre,10213093166125363,29.626187776,77.944848384,66.206559232
2,28,bwd_post,10213105478705670,29.801992704,77.944848384,66.38236416
2,27,bwd_pre,10213105479485024,29.801992704,77.944848384,66.38236416
2,27,bwd_post,10213117785426213,29.977797632,77.944848384,66.558169088
2,26,bwd_pre,10213117786223856,29.977797632,77.944848384,66.558169088
2,26,bwd_post,10213130072032960,30.15360256,77.944848384,66.733974016
2,25,bwd_pre,10213130072793660,30.15360256,77.944848384,66.733974016
2,25,bwd_post,10213142364185614,30.329407488,77.944848384,66.909778944
2,24,bwd_pre,10213142364987874,30.329407488,77.944848384,66.909778944
2,24,bwd_post,10213154659779961,30.505212416,77.944848384,67.085583872
2,23,bwd_pre,10213154660569195,30.505212416,77.944848384,67.085583872
2,23,bwd_post,10213166956218888,30.681017344,77.944848384,67.2613888
2,22,bwd_pre,10213166957051243,30.681017344,77.944848384,67.2613888
2,22,bwd_post,10213179256700722,30.856822272,77.944848384,67.437193728
2,21,bwd_pre,10213179257362873,30.856822272,77.944848384,67.437193728
2,21,bwd_post,10213191560356944,31.0326272,77.944848384,67.612998656
2,20,bwd_pre,10213191561153572,31.0326272,77.944848384,67.612998656
2,20,bwd_post,10213203873884419,31.208432128,77.944848384,67.788803584
2,19,bwd_pre,10213203874761137,31.208432128,77.944848384,67.788803584
2,19,bwd_post,10213216158634845,31.384237056,77.944848384,67.964608512
2,18,bwd_pre,10213216159374274,31.384237056,77.944848384,67.964608512
2,18,bwd_post,10213228444622458,31.560041984,77.944848384,68.14041344
2,17,bwd_pre,10213228445435633,31.560041984,77.944848384,68.14041344
2,17,bwd_post,10213240732256890,31.735846912,77.944848384,68.316218368
2,16,bwd_pre,10213240733061539,31.735846912,77.944848384,68.316218368
2,16,bwd_post,10213253028517156,31.91165184,77.944848384,68.492023296
2,15,bwd_pre,10213253029325566,31.91165184,77.944848384,68.492023296
2,15,bwd_post,10213265320163385,32.087456768,77.944848384,68.667828224
2,14,bwd_pre,10213265320779076,32.087456768,77.944848384,68.667828224
2,14,bwd_post,10213277611296896,32.263261696,77.944848384,68.843633152
2,13,bwd_pre,10213277612126027,32.263261696,77.944848384,68.843633152
2,13,bwd_post,10213289930501413,32.439066624,77.944848384,69.01943808
2,12,bwd_pre,10213289931315962,32.439066624,77.944848384,69.01943808
2,12,bwd_post,10213302209686245,32.614871552,77.944848384,69.195243008
2,11,bwd_pre,10213302210433344,32.614871552,77.944848384,69.195243008
2,11,bwd_post,10213314475199431,32.79067648,77.944848384,69.371047936
2,10,bwd_pre,10213314476008377,32.79067648,77.944848384,69.371047936
2,10,bwd_post,10213326769544828,32.966481408,77.944848384,69.546852864
2,9,bwd_pre,10213326770377457,32.966481408,77.944848384,69.546852864
2,9,bwd_post,10213339061457240,33.142286336,77.944848384,69.722657792
2,8,bwd_pre,10213339062245971,33.142286336,77.944848384,69.722657792
2,8,bwd_post,10213351346274174,33.318091264,77.944848384,69.89846272
2,7,bwd_pre,10213351346915979,33.318091264,77.944848384,69.89846272
2,7,bwd_post,10213363637097024,33.493896192,77.944848384,70.074267648
2,6,bwd_pre,10213363637964673,33.493896192,77.944848384,70.074267648
2,6,bwd_post,10213375928874714,33.66970112,77.944848384,70.250072576
2,5,bwd_pre,10213375929699062,33.66970112,77.944848384,70.250072576
2,5,bwd_post,10213388222659933,33.845506048,77.944848384,70.425877504
2,4,bwd_pre,10213388223364218,33.845506048,77.944848384,70.425877504
2,4,bwd_post,10213400516615085,34.021310976,77.944848384,70.601682432
2,3,bwd_pre,10213400517434317,34.021310976,77.944848384,70.601682432
2,3,bwd_post,10213412798952093,34.197115904,77.944848384,70.77748736
2,2,bwd_pre,10213412799771011,34.197115904,77.944848384,70.77748736
2,2,bwd_post,10213425115749362,34.372920832,77.944848384,70.953292288
2,1,bwd_pre,10213425116526420,34.372920832,77.944848384,70.953292288
2,1,bwd_post,10213437403726661,34.54872576,77.944848384,71.129097216
2,0,bwd_pre,10213437404126107,33.71398144,77.944848384,71.129097216
2,0,bwd_post,10213449745596965,32.52301568,77.944848384,71.129097216
3,0,fwd_pre,10213461354725480,24.378085888,77.944848384,36.887454208
3,0,fwd_post,10213464737287210,25.445161984,77.944848384,47.713943552
3,1,fwd_pre,10213464738084713,24.615721984,77.944848384,47.713943552
3,1,fwd_post,10213468034996206,25.445161984,77.944848384,47.713943552
3,2,fwd_pre,10213468035529524,24.615721984,77.944848384,47.713943552
3,2,fwd_post,10213471346966885,25.445161984,77.944848384,47.713943552
3,3,fwd_pre,10213471347661605,24.615721984,77.944848384,47.713943552
3,3,fwd_post,10213474639827083,25.445161984,77.944848384,47.713943552
3,4,fwd_pre,10213474640301998,24.615721984,77.944848384,47.713943552
3,4,fwd_post,10213477944010064,25.445161984,77.944848384,47.713943552
3,5,fwd_pre,10213477944495020,24.615721984,77.944848384,47.713943552
3,5,fwd_post,10213481252550666,25.445161984,77.944848384,47.713943552
3,6,fwd_pre,10213481253269063,24.615721984,77.944848384,47.713943552
3,6,fwd_post,10213484560463539,25.445161984,77.944848384,47.713943552
3,7,fwd_pre,10213484561095304,24.615721984,77.944848384,47.713943552
3,7,fwd_post,10213487862193318,25.445161984,77.944848384,47.713943552
3,8,fwd_pre,10213487862785664,24.615721984,77.944848384,47.713943552
3,8,fwd_post,10213491158315585,25.445161984,77.944848384,47.713943552
3,9,fwd_pre,10213491158801316,24.615721984,77.944848384,47.713943552
3,9,fwd_post,10213494477647701,25.445161984,77.944848384,47.713943552
3,10,fwd_pre,10213494478328628,24.615721984,77.944848384,47.713943552
3,10,fwd_post,10213497789228728,25.445161984,77.944848384,47.713943552
3,11,fwd_pre,10213497789908534,24.615721984,77.944848384,47.713943552
3,11,fwd_post,10213501099860010,25.445161984,77.944848384,47.713943552
3,12,fwd_pre,10213501100494582,24.615721984,77.944848384,47.713943552
3,12,fwd_post,10213504423611439,25.445161984,77.944848384,47.713943552
3,13,fwd_pre,10213504424082566,24.615721984,77.944848384,47.713943552
3,13,fwd_post,10213507740799426,25.445161984,77.944848384,47.713943552
3,14,fwd_pre,10213507741461310,24.615721984,77.944848384,47.713943552
3,14,fwd_post,10213511063679603,25.445161984,77.944848384,47.713943552
3,15,fwd_pre,10213511064251376,24.615721984,77.944848384,47.713943552
3,15,fwd_post,10213514375704945,25.445161984,77.944848384,47.713943552
3,16,fwd_pre,10213514376348110,24.615721984,77.944848384,47.713943552
3,16,fwd_post,10213517671733602,25.445161984,77.944848384,47.713943552
3,17,fwd_pre,10213517672202375,24.615721984,77.944848384,47.713943552
3,17,fwd_post,10213520985361330,25.445161984,77.944848384,47.713943552
3,18,fwd_pre,10213520986009802,24.615721984,77.944848384,47.713943552
3,18,fwd_post,10213524286547309,25.445161984,77.944848384,47.713943552
3,19,fwd_pre,10213524287182434,24.615721984,77.944848384,47.713943552
3,19,fwd_post,10213527603584444,25.445161984,77.944848384,47.713943552
3,20,fwd_pre,10213527604189561,24.615721984,77.944848384,47.713943552
3,20,fwd_post,10213530905446308,25.445161984,77.944848384,47.713943552
3,21,fwd_pre,10213531217953714,24.615721984,77.944848384,25.445161984
3,21,fwd_post,10213534466501284,25.445161984,77.944848384,47.713943552
3,22,fwd_pre,10213534467082812,24.615721984,77.944848384,47.713943552
3,22,fwd_post,10213537768763678,25.445161984,77.944848384,47.713943552
3,23,fwd_pre,10213537769352415,24.615721984,77.944848384,47.713943552
3,23,fwd_post,10213541074827218,25.445161984,77.944848384,47.713943552
3,24,fwd_pre,10213541075419298,24.615721984,77.944848384,47.713943552
3,24,fwd_post,10213544372732475,25.445161984,77.944848384,47.713943552
3,25,fwd_pre,10213544373179857,24.615721984,77.944848384,47.713943552
3,25,fwd_post,10213547691641522,25.445161984,77.944848384,47.713943552
3,26,fwd_pre,10213547692679901,24.615721984,77.944848384,47.713943552
3,26,fwd_post,10213550980286808,25.445161984,77.944848384,47.713943552
3,27,fwd_pre,10213550980909916,24.615721984,77.944848384,47.713943552
3,27,fwd_post,10213554289784875,25.445161984,77.944848384,47.713943552
3,28,fwd_pre,10213554290361173,24.615721984,77.944848384,47.713943552
3,28,fwd_post,10213557588673688,25.445161984,77.944848384,47.713943552
3,29,fwd_pre,10213557589147482,24.615721984,77.944848384,47.713943552
3,29,fwd_post,10213560881762725,25.445161984,77.944848384,47.713943552
3,30,fwd_pre,10213560882208174,24.615721984,77.944848384,47.713943552
3,30,fwd_post,10213564198454230,25.445161984,77.944848384,47.713943552
3,31,fwd_pre,10213564199054448,24.615721984,77.944848384,47.713943552
3,31,fwd_post,10213567500822626,25.445161984,77.944848384,47.713943552
3,32,fwd_pre,10213567501419715,24.615721984,77.944848384,47.713943552
3,32,fwd_post,10213570808445007,25.445161984,77.944848384,47.713943552
3,33,fwd_pre,10213570809013910,24.615721984,77.944848384,47.713943552
3,33,fwd_post,10213574117850821,25.445161984,77.944848384,47.713943552
3,34,fwd_pre,10213574118301781,24.615721984,77.944848384,47.713943552
3,34,fwd_post,10213577398327591,25.445161984,77.944848384,47.713943552
3,35,fwd_pre,10213577398926688,24.615721984,77.944848384,47.713943552
3,35,fwd_post,10213580692631271,25.445161984,77.944848384,47.713943552
3,36,fwd_pre,10213580693198108,24.615721984,77.944848384,47.713943552
3,36,fwd_post,10213583986545264,25.445161984,77.944848384,47.713943552
3,37,fwd_pre,10213583987095474,24.615721984,77.944848384,47.713943552
3,37,fwd_post,10213587272165894,25.445161984,77.944848384,47.713943552
3,38,fwd_pre,10213587272603480,24.615721984,77.944848384,47.713943552
3,38,fwd_post,10213590573157661,25.445161984,77.944848384,47.713943552
3,39,fwd_pre,10213590573608820,24.615721984,77.944848384,47.713943552
3,39,fwd_post,10213593871741085,25.445161984,77.944848384,47.713943552
3,39,bwd_pre,10213594025055998,26.280591872,77.944848384,40.488638464
3,39,bwd_post,10213597279795597,27.862834176,77.944848384,63.036768256
3,38,bwd_pre,10213597280382518,27.868138496,77.944848384,63.036768256
3,38,bwd_post,10213609577892117,28.043943424,77.944848384,64.62431488
3,37,bwd_pre,10213609578725711,28.043943424,77.944848384,64.62431488
3,37,bwd_post,10213621891038984,28.219748352,77.944848384,64.800119808
3,36,bwd_pre,10213621891797223,28.219748352,77.944848384,64.800119808
3,36,bwd_post,10213634189334279,28.39555328,77.944848384,64.975924736
3,35,bwd_pre,10213634190243626,28.39555328,77.944848384,64.975924736
3,35,bwd_post,10213646484708667,28.571358208,77.944848384,65.151729664
3,34,bwd_pre,10213646485799208,28.571358208,77.944848384,65.151729664
3,34,bwd_post,10213658794521950,28.747163136,77.944848384,65.327534592
3,33,bwd_pre,10213658795431053,28.747163136,77.944848384,65.327534592
3,33,bwd_post,10213671080469211,28.922968064,77.944848384,65.50333952
3,32,bwd_pre,10213671081239890,28.922968064,77.944848384,65.50333952
3,32,bwd_post,10213683386872271,29.098772992,77.944848384,65.679144448
3,31,bwd_pre,10213683387993574,29.098772992,77.944848384,65.679144448
3,31,bwd_post,10213695682822509,29.27457792,77.944848384,65.854949376
3,30,bwd_pre,10213695683795905,29.27457792,77.944848384,65.854949376
3,30,bwd_post,10213707993943554,29.450382848,77.944848384,66.030754304
3,29,bwd_pre,10213707994772994,29.450382848,77.944848384,66.030754304
3,29,bwd_post,10213720318140630,29.626187776,77.944848384,66.206559232
3,28,bwd_pre,10213720318963555,29.626187776,77.944848384,66.206559232
3,28,bwd_post,10213732630641502,29.801992704,77.944848384,66.38236416
3,27,bwd_pre,10213732631427982,29.801992704,77.944848384,66.38236416
3,27,bwd_post,10213744911408982,29.977797632,77.944848384,66.558169088
3,26,bwd_pre,10213744912158295,29.977797632,77.944848384,66.558169088
3,26,bwd_post,10213757215435827,30.15360256,77.944848384,66.733974016
3,25,bwd_pre,10213757216122843,30.15360256,77.944848384,66.733974016
3,25,bwd_post,10213769521207351,30.329407488,77.944848384,66.909778944
3,24,bwd_pre,10213769521974504,30.329407488,77.944848384,66.909778944
3,24,bwd_post,10213781820364574,30.505212416,77.944848384,67.085583872
3,23,bwd_pre,10213781821152200,30.505212416,77.944848384,67.085583872
3,23,bwd_post,10213794125899944,30.681017344,77.944848384,67.2613888
3,22,bwd_pre,10213794126763862,30.681017344,77.944848384,67.2613888
3,22,bwd_post,10213806404892958,30.856822272,77.944848384,67.437193728
3,21,bwd_pre,10213806405542075,30.856822272,77.944848384,67.437193728
3,21,bwd_post,10213818687861810,31.0326272,77.944848384,67.612998656
3,20,bwd_pre,10213818688674362,31.0326272,77.944848384,67.612998656
3,20,bwd_post,10213830972610502,31.208432128,77.944848384,67.788803584
3,19,bwd_pre,10213830973430449,31.208432128,77.944848384,67.788803584
3,19,bwd_post,10213843254134865,31.384237056,77.944848384,67.964608512
3,18,bwd_pre,10213843254878452,31.384237056,77.944848384,67.964608512
3,18,bwd_post,10213855547930994,31.560041984,77.944848384,68.14041344
3,17,bwd_pre,10213855548673212,31.560041984,77.944848384,68.14041344
3,17,bwd_post,10213867827093613,31.735846912,77.944848384,68.316218368
3,16,bwd_pre,10213867827919165,31.735846912,77.944848384,68.316218368
3,16,bwd_post,10213880133120695,31.91165184,77.944848384,68.492023296
3,15,bwd_pre,10213880134592716,31.91165184,77.944848384,68.492023296
3,15,bwd_post,10213892423690174,32.087456768,77.944848384,68.667828224
3,14,bwd_pre,10213892424361566,32.087456768,77.944848384,68.667828224
3,14,bwd_post,10213904717353305,32.263261696,77.944848384,68.843633152
3,13,bwd_pre,10213904718184206,32.263261696,77.944848384,68.843633152
3,13,bwd_post,10213917012653797,32.439066624,77.944848384,69.01943808
3,12,bwd_pre,10213917013371025,32.439066624,77.944848384,69.01943808
3,12,bwd_post,10213929312106427,32.614871552,77.944848384,69.195243008
3,11,bwd_pre,10213929312771252,32.614871552,77.944848384,69.195243008
3,11,bwd_post,10213941636104289,32.79067648,77.944848384,69.371047936
3,10,bwd_pre,10213941636857609,32.79067648,77.944848384,69.371047936
3,10,bwd_post,10213953938849620,32.966481408,77.944848384,69.546852864
3,9,bwd_pre,10213953939669827,32.966481408,77.944848384,69.546852864
3,9,bwd_post,10213966241281073,33.142286336,77.944848384,69.722657792
3,8,bwd_pre,10213966242057182,33.142286336,77.944848384,69.722657792
3,8,bwd_post,10213978569077839,33.318091264,77.944848384,69.89846272
3,7,bwd_pre,10213978569710473,33.318091264,77.944848384,69.89846272
3,7,bwd_post,10213990905514623,33.493896192,77.944848384,70.074267648
3,6,bwd_pre,10213990906371916,33.493896192,77.944848384,70.074267648
3,6,bwd_post,10214003213981484,33.66970112,77.944848384,70.250072576
3,5,bwd_pre,10214003214759916,33.66970112,77.944848384,70.250072576
3,5,bwd_post,10214015522109748,33.845506048,77.944848384,70.425877504
3,4,bwd_pre,10214015522796274,33.845506048,77.944848384,70.425877504
3,4,bwd_post,10214027805476689,34.021310976,77.944848384,70.601682432
3,3,bwd_pre,10214027806244426,34.021310976,77.944848384,70.601682432
3,3,bwd_post,10214040106925761,34.197115904,77.944848384,70.77748736
3,2,bwd_pre,10214040107791510,34.197115904,77.944848384,70.77748736
3,2,bwd_post,10214052393338826,34.372920832,77.944848384,70.953292288
3,1,bwd_pre,10214052394130983,34.372920832,77.944848384,70.953292288
3,1,bwd_post,10214064691167978,34.54872576,77.944848384,71.129097216
3,0,bwd_pre,10214064691560961,33.71398144,77.944848384,71.129097216
3,0,bwd_post,10214077050328653,32.52301568,77.944848384,71.129097216
4,0,fwd_pre,10214088534674512,24.378085888,77.944848384,36.887454208
4,0,fwd_post,10214091823396245,25.445161984,77.944848384,47.713943552
4,1,fwd_pre,10214091824142447,24.615721984,77.944848384,47.713943552
4,1,fwd_post,10214095096196252,25.445161984,77.944848384,47.713943552
4,2,fwd_pre,10214095096847967,24.615721984,77.944848384,47.713943552
4,2,fwd_post,10214098395685239,25.445161984,77.944848384,47.713943552
4,3,fwd_pre,10214098396278738,24.615721984,77.944848384,47.713943552
4,3,fwd_post,10214101662119135,25.445161984,77.944848384,47.713943552
4,4,fwd_pre,10214101662601201,24.615721984,77.944848384,47.713943552
4,4,fwd_post,10214104939973219,25.445161984,77.944848384,47.713943552
4,5,fwd_pre,10214104940454456,24.615721984,77.944848384,47.713943552
4,5,fwd_post,10214108227025690,25.445161984,77.944848384,47.713943552
4,6,fwd_pre,10214108227684880,24.615721984,77.944848384,47.713943552
4,6,fwd_post,10214111544098819,25.445161984,77.944848384,47.713943552
4,7,fwd_pre,10214111544630030,24.615721984,77.944848384,47.713943552
4,7,fwd_post,10214114842174625,25.445161984,77.944848384,47.713943552
4,8,fwd_pre,10214114842661221,24.615721984,77.944848384,47.713943552
4,8,fwd_post,10214118160167780,25.445161984,77.944848384,47.713943552
4,9,fwd_pre,10214118160628602,24.615721984,77.944848384,47.713943552
4,9,fwd_post,10214121495087235,25.445161984,77.944848384,47.713943552
4,10,fwd_pre,10214121495680311,24.615721984,77.944848384,47.713943552
4,10,fwd_post,10214124792974746,25.445161984,77.944848384,47.713943552
4,11,fwd_pre,10214124793640982,24.615721984,77.944848384,47.713943552
4,11,fwd_post,10214128110423293,25.445161984,77.944848384,47.713943552
4,12,fwd_pre,10214128111014347,24.615721984,77.944848384,47.713943552
4,12,fwd_post,10214131447722859,25.445161984,77.944848384,47.713943552
4,13,fwd_pre,10214131448197442,24.615721984,77.944848384,47.713943552
4,13,fwd_post,10214134794857749,25.445161984,77.944848384,47.713943552
4,14,fwd_pre,10214134795546928,24.615721984,77.944848384,47.713943552
4,14,fwd_post,10214138130361064,25.445161984,77.944848384,47.713943552
4,15,fwd_pre,10214138130982672,24.615721984,77.944848384,47.713943552
4,15,fwd_post,10214141448204732,25.445161984,77.944848384,47.713943552
4,16,fwd_pre,10214141448875445,24.615721984,77.944848384,47.713943552
4,16,fwd_post,10214144786079508,25.445161984,77.944848384,47.713943552
4,17,fwd_pre,10214144786536654,24.615721984,77.944848384,47.713943552
4,17,fwd_post,10214148113482357,25.445161984,77.944848384,47.713943552
4,18,fwd_pre,10214148114102543,24.615721984,77.944848384,47.713943552
4,18,fwd_post,10214151444136218,25.445161984,77.944848384,47.713943552
4,19,fwd_pre,10214151444767544,24.615721984,77.944848384,47.713943552
4,19,fwd_post,10214154778455962,25.445161984,77.944848384,47.713943552
4,20,fwd_pre,10214154779084045,24.615721984,77.944848384,47.713943552
4,20,fwd_post,10214158119669240,25.445161984,77.944848384,47.713943552
4,21,fwd_pre,10214158227444452,24.615721984,77.944848384,25.445161984
4,21,fwd_post,10214161484556936,25.445161984,77.944848384,47.713943552
4,22,fwd_pre,10214161485187596,24.615721984,77.944848384,47.713943552
4,22,fwd_post,10214164815877798,25.445161984,77.944848384,47.713943552
4,23,fwd_pre,10214164816531171,24.615721984,77.944848384,47.713943552
4,23,fwd_post,10214168146491326,25.445161984,77.944848384,47.713943552
4,24,fwd_pre,10214168147287800,24.615721984,77.944848384,47.713943552
4,24,fwd_post,10214171478661276,25.445161984,77.944848384,47.713943552
4,25,fwd_pre,10214171479134241,24.615721984,77.944848384,47.713943552
4,25,fwd_post,10214174825075938,25.445161984,77.944848384,47.713943552
4,26,fwd_pre,10214174825720282,24.615721984,77.944848384,47.713943552
4,26,fwd_post,10214178157394502,25.445161984,77.944848384,47.713943552
4,27,fwd_pre,10214178157959134,24.615721984,77.944848384,47.713943552
4,27,fwd_post,10214181490613084,25.445161984,77.944848384,47.713943552
4,28,fwd_pre,10214181491275422,24.615721984,77.944848384,47.713943552
4,28,fwd_post,10214184837836647,25.445161984,77.944848384,47.713943552
4,29,fwd_pre,10214184838572243,24.615721984,77.944848384,47.713943552
4,29,fwd_post,10214188159800625,25.445161984,77.944848384,47.713943552
4,30,fwd_pre,10214188160459182,24.615721984,77.944848384,47.713943552
4,30,fwd_post,10214191473578433,25.445161984,77.944848384,47.713943552
4,31,fwd_pre,10214191474222533,24.615721984,77.944848384,47.713943552
4,31,fwd_post,10214194792779561,25.445161984,77.944848384,47.713943552
4,32,fwd_pre,10214194793427093,24.615721984,77.944848384,47.713943552
4,32,fwd_post,10214198121460091,25.445161984,77.944848384,47.713943552
4,33,fwd_pre,10214198121916122,24.615721984,77.944848384,47.713943552
4,33,fwd_post,10214201447544228,25.445161984,77.944848384,47.713943552
4,34,fwd_pre,10214201448208034,24.615721984,77.944848384,47.713943552
4,34,fwd_post,10214204753340895,25.445161984,77.944848384,47.713943552
4,35,fwd_pre,10214204753976311,24.615721984,77.944848384,47.713943552
4,35,fwd_post,10214208084438712,25.445161984,77.944848384,47.713943552
4,36,fwd_pre,10214208085086334,24.615721984,77.944848384,47.713943552
4,36,fwd_post,10214211415461206,25.445161984,77.944848384,47.713943552
4,37,fwd_pre,10214211415904099,24.615721984,77.944848384,47.713943552
4,37,fwd_post,10214214755214421,25.445161984,77.944848384,47.713943552
4,38,fwd_pre,10214214755685343,24.615721984,77.944848384,47.713943552
4,38,fwd_post,10214218045565080,25.445161984,77.944848384,47.713943552
4,39,fwd_pre,10214218046220975,24.615721984,77.944848384,47.713943552
4,39,fwd_post,10214221354745429,25.445161984,77.944848384,47.713943552
4,39,bwd_pre,10214221507844241,26.280591872,77.944848384,40.488638464
4,39,bwd_post,10214224804291311,27.862834176,77.944848384,63.036768256
4,38,bwd_pre,10214224804960958,27.868138496,77.944848384,63.036768256
4,38,bwd_post,10214237121624417,28.043943424,77.944848384,64.62431488
4,37,bwd_pre,10214237122346532,28.043943424,77.944848384,64.62431488
4,37,bwd_post,10214249454177058,28.219748352,77.944848384,64.800119808
4,36,bwd_pre,10214249454837815,28.219748352,77.944848384,64.800119808
4,36,bwd_post,10214261754493849,28.39555328,77.944848384,64.975924736
4,35,bwd_pre,10214261755244875,28.39555328,77.944848384,64.975924736
4,35,bwd_post,10214274103573580,28.571358208,77.944848384,65.151729664
4,34,bwd_pre,10214274104453884,28.571358208,77.944848384,65.151729664
4,34,bwd_post,10214286421289931,28.747163136,77.944848384,65.327534592
4,33,bwd_pre,10214286422171419,28.747163136,77.944848384,65.327534592
4,33,bwd_post,10214298750290900,28.922968064,77.944848384,65.50333952
4,32,bwd_pre,10214298750956435,28.922968064,77.944848384,65.50333952
4,32,bwd_post,10214311081305338,29.098772992,77.944848384,65.679144448
4,31,bwd_pre,10214311082097426,29.098772992,77.944848384,65.679144448
4,31,bwd_post,10214323414640019,29.27457792,77.944848384,65.854949376
4,30,bwd_pre,10214323415463874,29.27457792,77.944848384,65.854949376
4,30,bwd_post,10214335775731956,29.450382848,77.944848384,66.030754304
4,29,bwd_pre,10214335776518266,29.450382848,77.944848384,66.030754304
4,29,bwd_post,10214348102840900,29.626187776,77.944848384,66.206559232
4,28,bwd_pre,10214348103666689,29.626187776,77.944848384,66.206559232
4,28,bwd_post,10214360436130733,29.801992704,77.944848384,66.38236416
4,27,bwd_pre,10214360436942975,29.801992704,77.944848384,66.38236416
4,27,bwd_post,10214372762932996,29.977797632,77.944848384,66.558169088
4,26,bwd_pre,10214372763753682,29.977797632,77.944848384,66.558169088
4,26,bwd_post,10214385112228751,30.15360256,77.944848384,66.733974016
4,25,bwd_pre,10214385112903299,30.15360256,77.944848384,66.733974016
4,25,bwd_post,10214397465419875,30.329407488,77.944848384,66.909778944
4,24,bwd_pre,10214397466281562,30.329407488,77.944848384,66.909778944
4,24,bwd_post,10214409817898878,30.505212416,77.944848384,67.085583872
4,23,bwd_pre,10214409818715526,30.505212416,77.944848384,67.085583872
4,23,bwd_post,10214422162795725,30.681017344,77.944848384,67.2613888
4,22,bwd_pre,10214422163555817,30.681017344,77.944848384,67.2613888
4,22,bwd_post,10214434514530979,30.856822272,77.944848384,67.437193728
4,21,bwd_pre,10214434515234279,30.856822272,77.944848384,67.437193728
4,21,bwd_post,10214446857152614,31.0326272,77.944848384,67.612998656
4,20,bwd_pre,10214446857913062,31.0326272,77.944848384,67.612998656
4,20,bwd_post,10214459183131893,31.208432128,77.944848384,67.788803584
4,19,bwd_pre,10214459183936741,31.208432128,77.944848384,67.788803584
4,19,bwd_post,10214471526668310,31.384237056,77.944848384,67.964608512
4,18,bwd_pre,10214471527414754,31.384237056,77.944848384,67.964608512
4,18,bwd_post,10214483865290598,31.560041984,77.944848384,68.14041344
4,17,bwd_pre,10214483866113757,31.560041984,77.944848384,68.14041344
4,17,bwd_post,10214496196629485,31.735846912,77.944848384,68.316218368
4,16,bwd_pre,10214496197438837,31.735846912,77.944848384,68.316218368
4,16,bwd_post,10214508554303667,31.91165184,77.944848384,68.492023296
4,15,bwd_pre,10214508555091974,31.91165184,77.944848384,68.492023296
4,15,bwd_post,10214520902061604,32.087456768,77.944848384,68.667828224
4,14,bwd_pre,10214520902730787,32.087456768,77.944848384,68.667828224
4,14,bwd_post,10214533252860119,32.263261696,77.944848384,68.843633152
4,13,bwd_pre,10214533253652453,32.263261696,77.944848384,68.843633152
4,13,bwd_post,10214545623994927,32.439066624,77.944848384,69.01943808
4,12,bwd_pre,10214545624789585,32.439066624,77.944848384,69.01943808
4,12,bwd_post,10214557969559012,32.614871552,77.944848384,69.195243008
4,11,bwd_pre,10214557970281299,32.614871552,77.944848384,69.195243008
4,11,bwd_post,10214570308243109,32.79067648,77.944848384,69.371047936
4,10,bwd_pre,10214570309039698,32.79067648,77.944848384,69.371047936
4,10,bwd_post,10214582630088745,32.966481408,77.944848384,69.546852864
4,9,bwd_pre,10214582630928823,32.966481408,77.944848384,69.546852864
4,9,bwd_post,10214594965348407,33.142286336,77.944848384,69.722657792
4,8,bwd_pre,10214594966146457,33.142286336,77.944848384,69.722657792
4,8,bwd_post,10214607298689854,33.318091264,77.944848384,69.89846272
4,7,bwd_pre,10214607299344665,33.318091264,77.944848384,69.89846272
4,7,bwd_post,10214619634192341,33.493896192,77.944848384,70.074267648
4,6,bwd_pre,10214619634981965,33.493896192,77.944848384,70.074267648
4,6,bwd_post,10214631964142717,33.66970112,77.944848384,70.250072576
4,5,bwd_pre,10214631964919689,33.66970112,77.944848384,70.250072576
4,5,bwd_post,10214644275859526,33.845506048,77.944848384,70.425877504
4,4,bwd_pre,10214644276586865,33.845506048,77.944848384,70.425877504
4,4,bwd_post,10214656589445630,34.021310976,77.944848384,70.601682432
4,3,bwd_pre,10214656590237574,34.021310976,77.944848384,70.601682432
4,3,bwd_post,10214668876362624,34.197115904,77.944848384,70.77748736
4,2,bwd_pre,10214668877156555,34.197115904,77.944848384,70.77748736
4,2,bwd_post,10214681157230824,34.372920832,77.944848384,70.953292288
4,1,bwd_pre,10214681158013226,34.372920832,77.944848384,70.953292288
4,1,bwd_post,10214693435120153,34.54872576,77.944848384,71.129097216
4,0,bwd_pre,10214693435548987,33.71398144,77.944848384,71.129097216
4,0,bwd_post,10214705799135647,32.52301568,77.944848384,71.129097216
5,0,fwd_pre,10214717283933615,24.378085888,77.944848384,36.887454208
5,0,fwd_post,10214720590975343,25.445161984,77.944848384,47.713943552
5,1,fwd_pre,10214720591644861,24.615721984,77.944848384,47.713943552
5,1,fwd_post,10214723889846881,25.445161984,77.944848384,47.713943552
5,2,fwd_pre,10214723890406847,24.615721984,77.944848384,47.713943552
5,2,fwd_post,10214727184184567,25.445161984,77.944848384,47.713943552
5,3,fwd_pre,10214727184782881,24.615721984,77.944848384,47.713943552
5,3,fwd_post,10214730496412755,25.445161984,77.944848384,47.713943552
5,4,fwd_pre,10214730496904110,24.615721984,77.944848384,47.713943552
5,4,fwd_post,10214733791287603,25.445161984,77.944848384,47.713943552
5,5,fwd_pre,10214733791752022,24.615721984,77.944848384,47.713943552
5,5,fwd_post,10214737105545961,25.445161984,77.944848384,47.713943552
5,6,fwd_pre,10214737106251089,24.615721984,77.944848384,47.713943552
5,6,fwd_post,10214740428401196,25.445161984,77.944848384,47.713943552
5,7,fwd_pre,10214740429068281,24.615721984,77.944848384,47.713943552
5,7,fwd_post,10214743753093719,25.445161984,77.944848384,47.713943552
5,8,fwd_pre,10214743753685872,24.615721984,77.944848384,47.713943552
5,8,fwd_post,10214747082357189,25.445161984,77.944848384,47.713943552
5,9,fwd_pre,10214747082823091,24.615721984,77.944848384,47.713943552
5,9,fwd_post,10214750437236297,25.445161984,77.944848384,47.713943552
5,10,fwd_pre,10214750437862822,24.615721984,77.944848384,47.713943552
5,10,fwd_post,10214753763109735,25.445161984,77.944848384,47.713943552
5,11,fwd_pre,10214753763713867,24.615721984,77.944848384,47.713943552
5,11,fwd_post,10214757102172835,25.445161984,77.944848384,47.713943552
5,12,fwd_pre,10214757102768443,24.615721984,77.944848384,47.713943552
5,12,fwd_post,10214760457236506,25.445161984,77.944848384,47.713943552
5,13,fwd_pre,10214760457702381,24.615721984,77.944848384,47.713943552
5,13,fwd_post,10214763781813502,25.445161984,77.944848384,47.713943552
5,14,fwd_pre,10214763782488514,24.615721984,77.944848384,47.713943552
5,14,fwd_post,10214767129074399,25.445161984,77.944848384,47.713943552
5,15,fwd_pre,10214767129695134,24.615721984,77.944848384,47.713943552
5,15,fwd_post,10214770470207179,25.445161984,77.944848384,47.713943552
5,16,fwd_pre,10214770470869300,24.615721984,77.944848384,47.713943552
5,16,fwd_post,10214773807079371,25.445161984,77.944848384,47.713943552
5,17,fwd_pre,10214773807575351,24.615721984,77.944848384,47.713943552
5,17,fwd_post,10214777161304698,25.445161984,77.944848384,47.713943552
5,18,fwd_pre,10214777161937203,24.615721984,77.944848384,47.713943552
5,18,fwd_post,10214780504688414,25.445161984,77.944848384,47.713943552
5,19,fwd_pre,10214780505319404,24.615721984,77.944848384,47.713943552
5,19,fwd_post,10214783851565122,25.445161984,77.944848384,47.713943552
5,20,fwd_pre,10214783852195646,24.615721984,77.944848384,47.713943552
5,20,fwd_post,10214787191292717,25.445161984,77.944848384,47.713943552
5,21,fwd_pre,10214787298355145,24.615721984,77.944848384,25.445161984
5,21,fwd_post,10214790554384379,25.445161984,77.944848384,47.713943552
5,22,fwd_pre,10214790554999817,24.615721984,77.944848384,47.713943552
5,22,fwd_post,10214793890481958,25.445161984,77.944848384,47.713943552
5,23,fwd_pre,10214793891138382,24.615721984,77.944848384,47.713943552
5,23,fwd_post,10214797251028405,25.445161984,77.944848384,47.713943552
5,24,fwd_pre,10214797251681797,24.615721984,77.944848384,47.713943552
5,24,fwd_post,10214800598770920,25.445161984,77.944848384,47.713943552
5,25,fwd_pre,10214800599232291,24.615721984,77.944848384,47.713943552
5,25,fwd_post,10214803961183197,25.445161984,77.944848384,47.713943552
5,26,fwd_pre,10214803961831330,24.615721984,77.944848384,47.713943552
5,26,fwd_post,10214807296614036,25.445161984,77.944848384,47.713943552
5,27,fwd_pre,10214807297200346,24.615721984,77.944848384,47.713943552
5,27,fwd_post,10214810651935905,25.445161984,77.944848384,47.713943552
5,28,fwd_pre,10214810652557133,24.615721984,77.944848384,47.713943552
5,28,fwd_post,10214813979949816,25.445161984,77.944848384,47.713943552
5,29,fwd_pre,10214813980398382,24.615721984,77.944848384,47.713943552
5,29,fwd_post,10214817313479685,25.445161984,77.944848384,47.713943552
5,30,fwd_pre,10214817314054996,24.615721984,77.944848384,47.713943552
5,30,fwd_post,10214820657036431,25.445161984,77.944848384,47.713943552
5,31,fwd_pre,10214820657687288,24.615721984,77.944848384,47.713943552
5,31,fwd_post,10214823999451412,25.445161984,77.944848384,47.713943552
5,32,fwd_pre,10214823999922914,24.615721984,77.944848384,47.713943552
5,32,fwd_post,10214827333852009,25.445161984,77.944848384,47.713943552
5,33,fwd_pre,10214827334301745,24.615721984,77.944848384,47.713943552
5,33,fwd_post,10214830653701259,25.445161984,77.944848384,47.713943552
5,34,fwd_pre,10214830654346492,24.615721984,77.944848384,47.713943552
5,34,fwd_post,10214833986821303,25.445161984,77.944848384,47.713943552
5,35,fwd_pre,10214833987476092,24.615721984,77.944848384,47.713943552
5,35,fwd_post,10214837343682133,25.445161984,77.944848384,47.713943552
5,36,fwd_pre,10214837344302978,24.615721984,77.944848384,47.713943552
5,36,fwd_post,10214840682019606,25.445161984,77.944848384,47.713943552
5,37,fwd_pre,10214840682453107,24.615721984,77.944848384,47.713943552
5,37,fwd_post,10214844016596618,25.445161984,77.944848384,47.713943552
5,38,fwd_pre,10214844017036113,24.615721984,77.944848384,47.713943552
5,38,fwd_post,10214847327849062,25.445161984,77.944848384,47.713943552
5,39,fwd_pre,10214847328481147,24.615721984,77.944848384,47.713943552
5,39,fwd_post,10214850676619609,25.445161984,77.944848384,47.713943552
5,39,bwd_pre,10214850829712429,26.280591872,77.944848384,40.488638464
5,39,bwd_post,10214854142811425,27.862834176,77.944848384,63.036768256
5,38,bwd_pre,10214854143460873,27.868138496,77.944848384,63.036768256
5,38,bwd_post,10214866469839278,28.043943424,77.944848384,64.62431488
5,37,bwd_pre,10214866470791973,28.043943424,77.944848384,64.62431488
5,37,bwd_post,10214878814666804,28.219748352,77.944848384,64.800119808
5,36,bwd_pre,10214878815535758,28.219748352,77.944848384,64.800119808
5,36,bwd_post,10214891157280963,28.39555328,77.944848384,64.975924736
5,35,bwd_pre,10214891158259118,28.39555328,77.944848384,64.975924736
5,35,bwd_post,10214903512551185,28.571358208,77.944848384,65.151729664
5,34,bwd_pre,10214903513659981,28.571358208,77.944848384,65.151729664
5,34,bwd_post,10214915841269908,28.747163136,77.944848384,65.327534592
5,33,bwd_pre,10214915842083749,28.747163136,77.944848384,65.327534592
5,33,bwd_post,10214928138212914,28.922968064,77.944848384,65.50333952
5,32,bwd_pre,10214928138915054,28.922968064,77.944848384,65.50333952
5,32,bwd_post,10214940469466802,29.098772992,77.944848384,65.679144448
5,31,bwd_pre,10214940470241902,29.098772992,77.944848384,65.679144448
5,31,bwd_post,10214952790726024,29.27457792,77.944848384,65.854949376
5,30,bwd_pre,10214952791644889,29.27457792,77.944848384,65.854949376
5,30,bwd_post,10214965111559652,29.450382848,77.944848384,66.030754304
5,29,bwd_pre,10214965112344488,29.450382848,77.944848384,66.030754304
5,29,bwd_post,10214977455261271,29.626187776,77.944848384,66.206559232
5,28,bwd_pre,10214977456147297,29.626187776,77.944848384,66.206559232
5,28,bwd_post,10214989795656538,29.801992704,77.944848384,66.38236416
5,27,bwd_pre,10214989796419580,29.801992704,77.944848384,66.38236416
5,27,bwd_post,10215002134578958,29.977797632,77.944848384,66.558169088
5,26,bwd_pre,10215002135383408,29.977797632,77.944848384,66.558169088
5,26,bwd_post,10215014488671476,30.15360256,77.944848384,66.733974016
5,25,bwd_pre,10215014489373385,30.15360256,77.944848384,66.733974016
5,25,bwd_post,10215026852604118,30.329407488,77.944848384,66.909778944
5,24,bwd_pre,10215026853455887,30.329407488,77.944848384,66.909778944
5,24,bwd_post,10215039192553831,30.505212416,77.944848384,67.085583872
5,23,bwd_pre,10215039193363357,30.505212416,77.944848384,67.085583872
5,23,bwd_post,10215051566196537,30.681017344,77.944848384,67.2613888
5,22,bwd_pre,10215051567027121,30.681017344,77.944848384,67.2613888
5,22,bwd_post,10215063900790352,30.856822272,77.944848384,67.437193728
5,21,bwd_pre,10215063901475003,30.856822272,77.944848384,67.437193728
5,21,bwd_post,10215076250459993,31.0326272,77.944848384,67.612998656
5,20,bwd_pre,10215076251238169,31.0326272,77.944848384,67.612998656
5,20,bwd_post,10215088601030809,31.208432128,77.944848384,67.788803584
5,19,bwd_pre,10215088601851967,31.208432128,77.944848384,67.788803584
5,19,bwd_post,10215100962559207,31.384237056,77.944848384,67.964608512
5,18,bwd_pre,10215100963234958,31.384237056,77.944848384,67.964608512
5,18,bwd_post,10215113320140130,31.560041984,77.944848384,68.14041344
5,17,bwd_pre,10215113320953416,31.560041984,77.944848384,68.14041344
5,17,bwd_post,10215125656614455,31.735846912,77.944848384,68.316218368
5,16,bwd_pre,10215125657410456,31.735846912,77.944848384,68.316218368
5,16,bwd_post,10215138022504209,31.91165184,77.944848384,68.492023296
5,15,bwd_pre,10215138023296623,31.91165184,77.944848384,68.492023296
5,15,bwd_post,10215150382021949,32.087456768,77.944848384,68.667828224
5,14,bwd_pre,10215150382664187,32.087456768,77.944848384,68.667828224
5,14,bwd_post,10215162729910784,32.263261696,77.944848384,68.843633152
5,13,bwd_pre,10215162730710476,32.263261696,77.944848384,68.843633152
5,13,bwd_post,10215175070054412,32.439066624,77.944848384,69.01943808
5,12,bwd_pre,10215175070868067,32.439066624,77.944848384,69.01943808
5,12,bwd_post,10215187413351313,32.614871552,77.944848384,69.195243008
5,11,bwd_pre,10215187413983482,32.614871552,77.944848384,69.195243008
5,11,bwd_post,10215199753784981,32.79067648,77.944848384,69.371047936
5,10,bwd_pre,10215199754583089,32.79067648,77.944848384,69.371047936
5,10,bwd_post,10215212101499528,32.966481408,77.944848384,69.546852864
5,9,bwd_pre,10215212102369680,32.966481408,77.944848384,69.546852864
5,9,bwd_post,10215224444200723,33.142286336,77.944848384,69.722657792
5,8,bwd_pre,10215224444962853,33.142286336,77.944848384,69.722657792
5,8,bwd_post,10215236772922694,33.318091264,77.944848384,69.89846272
5,7,bwd_pre,10215236773572246,33.318091264,77.944848384,69.89846272
5,7,bwd_post,10215249110821601,33.493896192,77.944848384,70.074267648
5,6,bwd_pre,10215249111664532,33.493896192,77.944848384,70.074267648
5,6,bwd_post,10215261445651891,33.66970112,77.944848384,70.250072576
5,5,bwd_pre,10215261446483054,33.66970112,77.944848384,70.250072576
5,5,bwd_post,10215273772981798,33.845506048,77.944848384,70.425877504
5,4,bwd_pre,10215273773677964,33.845506048,77.944848384,70.425877504
5,4,bwd_post,10215286098727301,34.021310976,77.944848384,70.601682432
5,3,bwd_pre,10215286099538830,34.021310976,77.944848384,70.601682432
5,3,bwd_post,10215298411930340,34.197115904,77.944848384,70.77748736
5,2,bwd_pre,10215298412728046,34.197115904,77.944848384,70.77748736
5,2,bwd_post,10215310708095736,34.372920832,77.944848384,70.953292288
5,1,bwd_pre,10215310708864152,34.372920832,77.944848384,70.953292288
5,1,bwd_post,10215323033853248,34.54872576,77.944848384,71.129097216
5,0,bwd_pre,10215323034264492,33.71398144,77.944848384,71.129097216
5,0,bwd_post,10215335386563428,32.52301568,77.944848384,71.129097216
6,0,fwd_pre,10215346870667355,24.378085888,77.944848384,36.887454208
6,0,fwd_post,10215350199437232,25.445161984,77.944848384,47.713943552
6,1,fwd_pre,10215350200131108,24.615721984,77.944848384,47.713943552
6,1,fwd_post,10215353484599502,25.445161984,77.944848384,47.713943552
6,2,fwd_pre,10215353485069333,24.615721984,77.944848384,47.713943552
6,2,fwd_post,10215356784857515,25.445161984,77.944848384,47.713943552
6,3,fwd_pre,10215356785506321,24.615721984,77.944848384,47.713943552
6,3,fwd_post,10215360068992152,25.445161984,77.944848384,47.713943552
6,4,fwd_pre,10215360069484238,24.615721984,77.944848384,47.713943552
6,4,fwd_post,10215363353783264,25.445161984,77.944848384,47.713943552
6,5,fwd_pre,10215363354260263,24.615721984,77.944848384,47.713943552
6,5,fwd_post,10215366625118622,25.445161984,77.944848384,47.713943552
6,6,fwd_pre,10215366625771229,24.615721984,77.944848384,47.713943552
6,6,fwd_post,10215369911242784,25.445161984,77.944848384,47.713943552
6,7,fwd_pre,10215369911849167,24.615721984,77.944848384,47.713943552
6,7,fwd_post,10215373206084773,25.445161984,77.944848384,47.713943552
6,8,fwd_pre,10215373206695218,24.615721984,77.944848384,47.713943552
6,8,fwd_post,10215376499780764,25.445161984,77.944848384,47.713943552
6,9,fwd_pre,10215376500255091,24.615721984,77.944848384,47.713943552
6,9,fwd_post,10215379804016462,25.445161984,77.944848384,47.713943552
6,10,fwd_pre,10215379804626496,24.615721984,77.944848384,47.713943552
6,10,fwd_post,10215383123445976,25.445161984,77.944848384,47.713943552
6,11,fwd_pre,10215383124039819,24.615721984,77.944848384,47.713943552
6,11,fwd_post,10215386454589840,25.445161984,77.944848384,47.713943552
6,12,fwd_pre,10215386455689674,24.615721984,77.944848384,47.713943552
6,12,fwd_post,10215389783935528,25.445161984,77.944848384,47.713943552
6,13,fwd_pre,10215389784455445,24.615721984,77.944848384,47.713943552
6,13,fwd_post,10215393096146239,25.445161984,77.944848384,47.713943552
6,14,fwd_pre,10215393096881772,24.615721984,77.944848384,47.713943552
6,14,fwd_post,10215396406044637,25.445161984,77.944848384,47.713943552
6,15,fwd_pre,10215396406658831,24.615721984,77.944848384,47.713943552
6,15,fwd_post,10215399719439573,25.445161984,77.944848384,47.713943552
6,16,fwd_pre,10215399720089510,24.615721984,77.944848384,47.713943552
6,16,fwd_post,10215403027248296,25.445161984,77.944848384,47.713943552
6,17,fwd_pre,10215403027723347,24.615721984,77.944848384,47.713943552
6,17,fwd_post,10215406347282043,25.445161984,77.944848384,47.713943552
6,18,fwd_pre,10215406347851962,24.615721984,77.944848384,47.713943552
6,18,fwd_post,10215409669377096,25.445161984,77.944848384,47.713943552
6,19,fwd_pre,10215409669995831,24.615721984,77.944848384,47.713943552
6,19,fwd_post,10215412980770063,25.445161984,77.944848384,47.713943552
6,20,fwd_pre,10215412981248706,24.615721984,77.944848384,47.713943552
6,20,fwd_post,10215416310926581,25.445161984,77.944848384,47.713943552
6,21,fwd_pre,10215416417742495,24.615721984,77.944848384,25.445161984
6,21,fwd_post,10215419656112149,25.445161984,77.944848384,47.713943552
6,22,fwd_pre,10215419656721308,24.615721984,77.944848384,47.713943552
6,22,fwd_post,10215422974949581,25.445161984,77.944848384,47.713943552
6,23,fwd_pre,10215422975574792,24.615721984,77.944848384,47.713943552
6,23,fwd_post,10215426291712069,25.445161984,77.944848384,47.713943552
6,24,fwd_pre,10215426292346926,24.615721984,77.944848384,47.713943552
6,24,fwd_post,10215429606577933,25.445161984,77.944848384,47.713943552
6,25,fwd_pre,10215429607030521,24.615721984,77.944848384,47.713943552
6,25,fwd_post,10215432902050262,25.445161984,77.944848384,47.713943552
6,26,fwd_pre,10215432902677766,24.615721984,77.944848384,47.713943552
6,26,fwd_post,10215436217623618,25.445161984,77.944848384,47.713943552
6,27,fwd_pre,10215436218260983,24.615721984,77.944848384,47.713943552
6,27,fwd_post,10215439533450773,25.445161984,77.944848384,47.713943552
6,28,fwd_pre,10215439534105556,24.615721984,77.944848384,47.713943552
6,28,fwd_post,10215442855599596,25.445161984,77.944848384,47.713943552
6,29,fwd_pre,10215442856069276,24.615721984,77.944848384,47.713943552
6,29,fwd_post,10215446159860198,25.445161984,77.944848384,47.713943552
6,30,fwd_pre,10215446160492360,24.615721984,77.944848384,47.713943552
6,30,fwd_post,10215449472011148,25.445161984,77.944848384,47.713943552
6,31,fwd_pre,10215449472641957,24.615721984,77.944848384,47.713943552
6,31,fwd_post,10215452785837995,25.445161984,77.944848384,47.713943552
6,32,fwd_pre,10215452786460186,24.615721984,77.944848384,47.713943552
6,32,fwd_post,10215456084436209,25.445161984,77.944848384,47.713943552
6,33,fwd_pre,10215456084893591,24.615721984,77.944848384,47.713943552
6,33,fwd_post,10215459398099901,25.445161984,77.944848384,47.713943552
6,34,fwd_pre,10215459398744374,24.615721984,77.944848384,47.713943552
6,34,fwd_post,10215462710268068,25.445161984,77.944848384,47.713943552
6,35,fwd_pre,10215462710940249,24.615721984,77.944848384,47.713943552
6,35,fwd_post,10215466025781878,25.445161984,77.944848384,47.713943552
6,36,fwd_pre,10215466026419433,24.615721984,77.944848384,47.713943552
6,36,fwd_post,10215469340905386,25.445161984,77.944848384,47.713943552
6,37,fwd_pre,10215469341388031,24.615721984,77.944848384,47.713943552
6,37,fwd_post,10215472656995345,25.445161984,77.944848384,47.713943552
6,38,fwd_pre,10215472657444978,24.615721984,77.944848384,47.713943552
6,38,fwd_post,10215475983457783,25.445161984,77.944848384,47.713943552
6,39,fwd_pre,10215475984016285,24.615721984,77.944848384,47.713943552
6,39,fwd_post,10215479310956964,25.445161984,77.944848384,47.713943552
6,39,bwd_pre,10215479465955561,26.280591872,77.944848384,40.488638464
6,39,bwd_post,10215482741496039,27.862834176,77.944848384,63.036768256
6,38,bwd_pre,10215482742019344,27.868138496,77.944848384,63.036768256
6,38,bwd_post,10215495082160141,28.043943424,77.944848384,64.62431488
6,37,bwd_pre,10215495082930441,28.043943424,77.944848384,64.62431488
6,37,bwd_post,10215507422877066,28.219748352,77.944848384,64.800119808
6,36,bwd_pre,10215507423601355,28.219748352,77.944848384,64.800119808
6,36,bwd_post,10215519733032876,28.39555328,77.944848384,64.975924736
6,35,bwd_pre,10215519733987076,28.39555328,77.944848384,64.975924736
6,35,bwd_post,10215532069409102,28.571358208,77.944848384,65.151729664
6,34,bwd_pre,10215532070296786,28.571358208,77.944848384,65.151729664
6,34,bwd_post,10215544379332787,28.747163136,77.944848384,65.327534592
6,33,bwd_pre,10215544380160081,28.747163136,77.944848384,65.327534592
6,33,bwd_post,10215556704793252,28.922968064,77.944848384,65.50333952
6,32,bwd_pre,10215556705725028,28.922968064,77.944848384,65.50333952
6,32,bwd_post,10215569026838481,29.098772992,77.944848384,65.679144448
6,31,bwd_pre,10215569027608423,29.098772992,77.944848384,65.679144448
6,31,bwd_post,10215581329194550,29.27457792,77.944848384,65.854949376
6,30,bwd_pre,10215581330121546,29.27457792,77.944848384,65.854949376
6,30,bwd_post,10215593623520125,29.450382848,77.944848384,66.030754304
6,29,bwd_pre,10215593624354386,29.450382848,77.944848384,66.030754304
6,29,bwd_post,10215605924779818,29.626187776,77.944848384,66.206559232
6,28,bwd_pre,10215605925535996,29.626187776,77.944848384,66.206559232
6,28,bwd_post,10215618263764130,29.801992704,77.944848384,66.38236416
6,27,bwd_pre,10215618264551298,29.801992704,77.944848384,66.38236416
6,27,bwd_post,10215630583433517,29.977797632,77.944848384,66.558169088
6,26,bwd_pre,10215630584240555,29.977797632,77.944848384,66.558169088
6,26,bwd_post,10215642926926010,30.15360256,77.944848384,66.733974016
6,25,bwd_pre,10215642927604596,30.15360256,77.944848384,66.733974016
6,25,bwd_post,10215655244147840,30.329407488,77.944848384,66.909778944
6,24,bwd_pre,10215655244960130,30.329407488,77.944848384,66.909778944
6,24,bwd_post,10215667544229625,30.505212416,77.944848384,67.085583872
6,23,bwd_pre,10215667544987835,30.505212416,77.944848384,67.085583872
6,23,bwd_post,10215679853325695,30.681017344,77.944848384,67.2613888
6,22,bwd_pre,10215679854133786,30.681017344,77.944848384,67.2613888
6,22,bwd_post,10215692156924594,30.856822272,77.944848384,67.437193728
6,21,bwd_pre,10215692157582507,30.856822272,77.944848384,67.437193728
6,21,bwd_post,10215704465527309,31.0326272,77.944848384,67.612998656
6,20,bwd_pre,10215704466313936,31.0326272,77.944848384,67.612998656
6,20,bwd_post,10215716790217441,31.208432128,77.944848384,67.788803584
6,19,bwd_pre,10215716791016250,31.208432128,77.944848384,67.788803584
6,19,bwd_post,10215729117331992,31.384237056,77.944848384,67.964608512
6,18,bwd_pre,10215729118042810,31.384237056,77.944848384,67.964608512
6,18,bwd_post,10215741439580217,31.560041984,77.944848384,68.14041344
6,17,bwd_pre,10215741440391072,31.560041984,77.944848384,68.14041344
6,17,bwd_post,10215753762433779,31.735846912,77.944848384,68.316218368
6,16,bwd_pre,10215753763268243,31.735846912,77.944848384,68.316218368
6,16,bwd_post,10215766099704883,31.91165184,77.944848384,68.492023296
6,15,bwd_pre,10215766100475489,31.91165184,77.944848384,68.492023296
6,15,bwd_post,10215778421787004,32.087456768,77.944848384,68.667828224
6,14,bwd_pre,10215778422432397,32.087456768,77.944848384,68.667828224
6,14,bwd_post,10215790755382538,32.263261696,77.944848384,68.843633152
6,13,bwd_pre,10215790756179825,32.263261696,77.944848384,68.843633152
6,13,bwd_post,10215803079278764,32.439066624,77.944848384,69.01943808
6,12,bwd_pre,10215803080083383,32.439066624,77.944848384,69.01943808
6,12,bwd_post,10215815419136795,32.614871552,77.944848384,69.195243008
6,11,bwd_pre,10215815419817935,32.614871552,77.944848384,69.195243008
6,11,bwd_post,10215827756913528,32.79067648,77.944848384,69.371047936
6,10,bwd_pre,10215827757739830,32.79067648,77.944848384,69.371047936
6,10,bwd_post,10215840082043639,32.966481408,77.944848384,69.546852864
6,9,bwd_pre,10215840082847717,32.966481408,77.944848384,69.546852864
6,9,bwd_post,10215852412244850,33.142286336,77.944848384,69.722657792
6,8,bwd_pre,10215852413017570,33.142286336,77.944848384,69.722657792
6,8,bwd_post,10215864717690622,33.318091264,77.944848384,69.89846272
6,7,bwd_pre,10215864718345385,33.318091264,77.944848384,69.89846272
6,7,bwd_post,10215877028285320,33.493896192,77.944848384,70.074267648
6,6,bwd_pre,10215877029103860,33.493896192,77.944848384,70.074267648
6,6,bwd_post,10215889327458635,33.66970112,77.944848384,70.250072576
6,5,bwd_pre,10215889328234680,33.66970112,77.944848384,70.250072576
6,5,bwd_post,10215901613633546,33.845506048,77.944848384,70.425877504
6,4,bwd_pre,10215901614362069,33.845506048,77.944848384,70.425877504
6,4,bwd_post,10215913912295038,34.021310976,77.944848384,70.601682432
6,3,bwd_pre,10215913913147455,34.021310976,77.944848384,70.601682432
6,3,bwd_post,10215926183671431,34.197115904,77.944848384,70.77748736
6,2,bwd_pre,10215926184480526,34.197115904,77.944848384,70.77748736
6,2,bwd_post,10215938472538356,34.372920832,77.944848384,70.953292288
6,1,bwd_pre,10215938473282612,34.372920832,77.944848384,70.953292288
6,1,bwd_post,10215950753422469,34.54872576,77.944848384,71.129097216
6,0,bwd_pre,10215950753824812,33.71398144,77.944848384,71.129097216
6,0,bwd_post,10215963093103731,32.52301568,77.944848384,71.129097216
7,0,fwd_pre,10215974591489509,24.378085888,77.944848384,36.887454208
7,0,fwd_post,10215977909370536,25.445161984,77.944848384,47.713943552
7,1,fwd_pre,10215977910157063,24.615721984,77.944848384,47.713943552
7,1,fwd_post,10215981196720764,25.445161984,77.944848384,47.713943552
7,2,fwd_pre,10215981197391643,24.615721984,77.944848384,47.713943552
7,2,fwd_post,10215984496203224,25.445161984,77.944848384,47.713943552
7,3,fwd_pre,10215984496881668,24.615721984,77.944848384,47.713943552
7,3,fwd_post,10215987808184439,25.445161984,77.944848384,47.713943552
7,4,fwd_pre,10215987808681207,24.615721984,77.944848384,47.713943552
7,4,fwd_post,10215991130250630,25.445161984,77.944848384,47.713943552
7,5,fwd_pre,10215991130733553,24.615721984,77.944848384,47.713943552
7,5,fwd_post,10215994448781425,25.445161984,77.944848384,47.713943552
7,6,fwd_pre,10215994449428560,24.615721984,77.944848384,47.713943552
7,6,fwd_post,10215997783441334,25.445161984,77.944848384,47.713943552
7,7,fwd_pre,10215997784092837,24.615721984,77.944848384,47.713943552
7,7,fwd_post,10216001118054132,25.445161984,77.944848384,47.713943552
7,8,fwd_pre,10216001118549224,24.615721984,77.944848384,47.713943552
7,8,fwd_post,10216004451506074,25.445161984,77.944848384,47.713943552
7,9,fwd_pre,10216004451982097,24.615721984,77.944848384,47.713943552
7,9,fwd_post,10216007774333013,25.445161984,77.944848384,47.713943552
7,10,fwd_pre,10216007774984279,24.615721984,77.944848384,47.713943552
7,10,fwd_post,10216011111992498,25.445161984,77.944848384,47.713943552
7,11,fwd_pre,10216011112690712,24.615721984,77.944848384,47.713943552
7,11,fwd_post,10216014442798321,25.445161984,77.944848384,47.713943552
7,12,fwd_pre,10216014443462750,24.615721984,77.944848384,47.713943552
7,12,fwd_post,10216017776175442,25.445161984,77.944848384,47.713943552
7,13,fwd_pre,10216017776656519,24.615721984,77.944848384,47.713943552
7,13,fwd_post,10216021101757627,25.445161984,77.944848384,47.713943552
7,14,fwd_pre,10216021102388941,24.615721984,77.944848384,47.713943552
7,14,fwd_post,10216024426847135,25.445161984,77.944848384,47.713943552
7,15,fwd_pre,10216024427481356,24.615721984,77.944848384,47.713943552
7,15,fwd_post,10216027746836969,25.445161984,77.944848384,47.713943552
7,16,fwd_pre,10216027747452022,24.615721984,77.944848384,47.713943552
7,16,fwd_post,10216031074915792,25.445161984,77.944848384,47.713943552
7,17,fwd_pre,10216031075396135,24.615721984,77.944848384,47.713943552
7,17,fwd_post,10216034380107902,25.445161984,77.944848384,47.713943552
7,18,fwd_pre,10216034380745682,24.615721984,77.944848384,47.713943552
7,18,fwd_post,10216037715497692,25.445161984,77.944848384,47.713943552
7,19,fwd_pre,10216037716191283,24.615721984,77.944848384,47.713943552
7,19,fwd_post,10216041035339205,25.445161984,77.944848384,47.713943552
7,20,fwd_pre,10216041035977658,24.615721984,77.944848384,47.713943552
7,20,fwd_post,10216044361108145,25.445161984,77.944848384,47.713943552
7,21,fwd_pre,10216044467548528,24.615721984,77.944848384,25.445161984
7,21,fwd_post,10216047727466232,25.445161984,77.944848384,47.713943552
7,22,fwd_pre,10216047728092652,24.615721984,77.944848384,47.713943552
7,22,fwd_post,10216051054180334,25.445161984,77.944848384,47.713943552
7,23,fwd_pre,10216051054842598,24.615721984,77.944848384,47.713943552
7,23,fwd_post,10216054363067844,25.445161984,77.944848384,47.713943552
7,24,fwd_pre,10216054363728501,24.615721984,77.944848384,47.713943552
7,24,fwd_post,10216057680322392,25.445161984,77.944848384,47.713943552
7,25,fwd_pre,10216057680788454,24.615721984,77.944848384,47.713943552
7,25,fwd_post,10216061026162952,25.445161984,77.944848384,47.713943552
7,26,fwd_pre,10216061026863292,24.615721984,77.944848384,47.713943552
7,26,fwd_post,10216064357155430,25.445161984,77.944848384,47.713943552
7,27,fwd_pre,10216064357799169,24.615721984,77.944848384,47.713943552
7,27,fwd_post,10216067672605580,25.445161984,77.944848384,47.713943552
7,28,fwd_pre,10216067673348138,24.615721984,77.944848384,47.713943552
7,28,fwd_post,10216070987803776,25.445161984,77.944848384,47.713943552
7,29,fwd_pre,10216070988283256,24.615721984,77.944848384,47.713943552
7,29,fwd_post,10216074299630933,25.445161984,77.944848384,47.713943552
7,30,fwd_pre,10216074300247627,24.615721984,77.944848384,47.713943552
7,30,fwd_post,10216077625534066,25.445161984,77.944848384,47.713943552
7,31,fwd_pre,10216077626174373,24.615721984,77.944848384,47.713943552
7,31,fwd_post,10216080938778006,25.445161984,77.944848384,47.713943552
7,32,fwd_pre,10216080939232470,24.615721984,77.944848384,47.713943552
7,32,fwd_post,10216084268762396,25.445161984,77.944848384,47.713943552
7,33,fwd_pre,10216084269205520,24.615721984,77.944848384,47.713943552
7,33,fwd_post,10216087576054037,25.445161984,77.944848384,47.713943552
7,34,fwd_pre,10216087576705031,24.615721984,77.944848384,47.713943552
7,34,fwd_post,10216090897999148,25.445161984,77.944848384,47.713943552
7,35,fwd_pre,10216090898615694,24.615721984,77.944848384,47.713943552
7,35,fwd_post,10216094225475500,25.445161984,77.944848384,47.713943552
7,36,fwd_pre,10216094226114369,24.615721984,77.944848384,47.713943552
7,36,fwd_post,10216097549966145,25.445161984,77.944848384,47.713943552
7,37,fwd_pre,10216097550406370,24.615721984,77.944848384,47.713943552
7,37,fwd_post,10216100858326470,25.445161984,77.944848384,47.713943552
7,38,fwd_pre,10216100858764348,24.615721984,77.944848384,47.713943552
7,38,fwd_post,10216104165566568,25.445161984,77.944848384,47.713943552
7,39,fwd_pre,10216104166194542,24.615721984,77.944848384,47.713943552
7,39,fwd_post,10216107499963117,25.445161984,77.944848384,47.713943552
7,39,bwd_pre,10216107653411777,26.280591872,77.944848384,40.488638464
7,39,bwd_post,10216110943850679,27.862834176,77.944848384,63.036768256
7,38,bwd_pre,10216110944504674,27.868138496,77.944848384,63.036768256
7,38,bwd_post,10216123292567374,28.043943424,77.944848384,64.62431488
7,37,bwd_pre,10216123293389335,28.043943424,77.944848384,64.62431488
7,37,bwd_post,10216135626582396,28.219748352,77.944848384,64.800119808
7,36,bwd_pre,10216135627584986,28.219748352,77.944848384,64.800119808
7,36,bwd_post,10216147965958220,28.39555328,77.944848384,64.975924736
7,35,bwd_pre,10216147966806559,28.39555328,77.944848384,64.975924736
7,35,bwd_post,10216160277990779,28.571358208,77.944848384,65.151729664
7,34,bwd_pre,10216160278825667,28.571358208,77.944848384,65.151729664
7,34,bwd_post,10216172581933990,28.747163136,77.944848384,65.327534592
7,33,bwd_pre,10216172582755072,28.747163136,77.944848384,65.327534592
7,33,bwd_post,10216184908128160,28.922968064,77.944848384,65.50333952
7,32,bwd_pre,10216184908874322,28.922968064,77.944848384,65.50333952
7,32,bwd_post,10216197229510396,29.098772992,77.944848384,65.679144448
7,31,bwd_pre,10216197230631347,29.098772992,77.944848384,65.679144448
7,31,bwd_post,10216209567222672,29.27457792,77.944848384,65.854949376
7,30,bwd_pre,10216209568147025,29.27457792,77.944848384,65.854949376
7,30,bwd_post,10216221899862802,29.450382848,77.944848384,66.030754304
7,29,bwd_pre,10216221900703656,29.450382848,77.944848384,66.030754304
7,29,bwd_post,10216234220103195,29.626187776,77.944848384,66.206559232
7,28,bwd_pre,10216234220919791,29.626187776,77.944848384,66.206559232
7,28,bwd_post,10216246542298157,29.801992704,77.944848384,66.38236416
7,27,bwd_pre,10216246543112425,29.801992704,77.944848384,66.38236416
7,27,bwd_post,10216258856616727,29.977797632,77.944848384,66.558169088
7,26,bwd_pre,10216258857415091,29.977797632,77.944848384,66.558169088
7,26,bwd_post,10216271155105459,30.15360256,77.944848384,66.733974016
7,25,bwd_pre,10216271155818865,30.15360256,77.944848384,66.733974016
7,25,bwd_post,10216283469306277,30.329407488,77.944848384,66.909778944
7,24,bwd_pre,10216283470100319,30.329407488,77.944848384,66.909778944
7,24,bwd_post,10216295818392292,30.505212416,77.944848384,67.085583872
7,23,bwd_pre,10216295819207985,30.505212416,77.944848384,67.085583872
7,23,bwd_post,10216308171034423,30.681017344,77.944848384,67.2613888
7,22,bwd_pre,10216308171826613,30.681017344,77.944848384,67.2613888
7,22,bwd_post,10216320519409339,30.856822272,77.944848384,67.437193728
7,21,bwd_pre,10216320520073899,30.856822272,77.944848384,67.437193728
7,21,bwd_post,10216332854235304,31.0326272,77.944848384,67.612998656
7,20,bwd_pre,10216332854997769,31.0326272,77.944848384,67.612998656
7,20,bwd_post,10216345194512211,31.208432128,77.944848384,67.788803584
7,19,bwd_pre,10216345195316051,31.208432128,77.944848384,67.788803584
7,19,bwd_post,10216357543325882,31.384237056,77.944848384,67.964608512
7,18,bwd_pre,10216357544045080,31.384237056,77.944848384,67.964608512
7,18,bwd_post,10216369883562634,31.560041984,77.944848384,68.14041344
7,17,bwd_pre,10216369884380310,31.560041984,77.944848384,68.14041344
7,17,bwd_post,10216382219919284,31.735846912,77.944848384,68.316218368
7,16,bwd_pre,10216382220804712,31.735846912,77.944848384,68.316218368
7,16,bwd_post,10216394543293821,31.91165184,77.944848384,68.492023296
7,15,bwd_pre,10216394544062697,31.91165184,77.944848384,68.492023296
7,15,bwd_post,10216406868008080,32.087456768,77.944848384,68.667828224
7,14,bwd_pre,10216406868647983,32.087456768,77.944848384,68.667828224
7,14,bwd_post,10216419186178853,32.263261696,77.944848384,68.843633152
7,13,bwd_pre,10216419186986262,32.263261696,77.944848384,68.843633152
7,13,bwd_post,10216431537797100,32.439066624,77.944848384,69.01943808
7,12,bwd_pre,10216431538644177,32.439066624,77.944848384,69.01943808
7,12,bwd_post,10216443865515018,32.614871552,77.944848384,69.195243008
7,11,bwd_pre,10216443866230257,32.614871552,77.944848384,69.195243008
7,11,bwd_post,10216456208787834,32.79067648,77.944848384,69.371047936
7,10,bwd_pre,10216456209595325,32.79067648,77.944848384,69.371047936
7,10,bwd_post,10216468535548192,32.966481408,77.944848384,69.546852864
7,9,bwd_pre,10216468536387958,32.966481408,77.944848384,69.546852864
7,9,bwd_post,10216480880757739,33.142286336,77.944848384,69.722657792
7,8,bwd_pre,10216480881526874,33.142286336,77.944848384,69.722657792
7,8,bwd_post,10216493228450089,33.318091264,77.944848384,69.89846272
7,7,bwd_pre,10216493229143897,33.318091264,77.944848384,69.89846272
7,7,bwd_post,10216505537503236,33.493896192,77.944848384,70.074267648
7,6,bwd_pre,10216505538341329,33.493896192,77.944848384,70.074267648
7,6,bwd_post,10216517870036613,33.66970112,77.944848384,70.250072576
7,5,bwd_pre,10216517870811466,33.66970112,77.944848384,70.250072576
7,5,bwd_post,10216530197108224,33.845506048,77.944848384,70.425877504
7,4,bwd_pre,10216530197806019,33.845506048,77.944848384,70.425877504
7,4,bwd_post,10216542505883977,34.021310976,77.944848384,70.601682432
7,3,bwd_pre,10216542506679644,34.021310976,77.944848384,70.601682432
7,3,bwd_post,10216554831619051,34.197115904,77.944848384,70.77748736
7,2,bwd_pre,10216554832423752,34.197115904,77.944848384,70.77748736
7,2,bwd_post,10216567149094542,34.372920832,77.944848384,70.953292288
7,1,bwd_pre,10216567149884323,34.372920832,77.944848384,70.953292288
7,1,bwd_post,10216579434405284,34.54872576,77.944848384,71.129097216
7,0,bwd_pre,10216579434812131,33.71398144,77.944848384,71.129097216
7,0,bwd_post,10216591809028148,32.52301568,77.944848384,71.129097216
8,0,fwd_pre,10216608870489759,24.378085888,77.944848384,36.887454208
8,0,fwd_post,10216612649827129,25.445161984,77.944848384,47.713943552
8,1,fwd_pre,10216612650424233,24.615721984,77.944848384,47.713943552
8,1,fwd_post,10216615921129502,25.445161984,77.944848384,47.713943552
8,2,fwd_pre,10216615921778493,24.615721984,77.944848384,47.713943552
8,2,fwd_post,10216619217414294,25.445161984,77.944848384,47.713943552
8,3,fwd_pre,10216619218148045,24.615721984,77.944848384,47.713943552
8,3,fwd_post,10216622530708215,25.445161984,77.944848384,47.713943552
8,4,fwd_pre,10216622531280497,24.615721984,77.944848384,47.713943552
8,4,fwd_post,10216625838161101,25.445161984,77.944848384,47.713943552
8,5,fwd_pre,10216625838636605,24.615721984,77.944848384,47.713943552
8,5,fwd_post,10216629132536615,25.445161984,77.944848384,47.713943552
8,6,fwd_pre,10216629133172850,24.615721984,77.944848384,47.713943552
8,6,fwd_post,10216632457904603,25.445161984,77.944848384,47.713943552
8,7,fwd_pre,10216632458417493,24.615721984,77.944848384,47.713943552
8,7,fwd_post,10216635795575362,25.445161984,77.944848384,47.713943552
8,8,fwd_pre,10216635796253773,24.615721984,77.944848384,47.713943552
8,8,fwd_post,10216639135158112,25.445161984,77.944848384,47.713943552
8,9,fwd_pre,10216639135617327,24.615721984,77.944848384,47.713943552
8,9,fwd_post,10216642465217168,25.445161984,77.944848384,47.713943552
8,10,fwd_pre,10216642465819514,24.615721984,77.944848384,47.713943552
8,10,fwd_post,10216645794012991,25.445161984,77.944848384,47.713943552
8,11,fwd_pre,10216645794633491,24.615721984,77.944848384,47.713943552
8,11,fwd_post,10216649139809298,25.445161984,77.944848384,47.713943552
8,12,fwd_pre,10216649140399403,24.615721984,77.944848384,47.713943552
8,12,fwd_post,10216652454730013,25.445161984,77.944848384,47.713943552
8,13,fwd_pre,10216652455192986,24.615721984,77.944848384,47.713943552
8,13,fwd_post,10216655791853726,25.445161984,77.944848384,47.713943552
8,14,fwd_pre,10216655792309006,24.615721984,77.944848384,47.713943552
8,14,fwd_post,10216659115503162,25.445161984,77.944848384,47.713943552
8,15,fwd_pre,10216659116161549,24.615721984,77.944848384,47.713943552
8,15,fwd_post,10216662435176417,25.445161984,77.944848384,47.713943552
8,16,fwd_pre,10216662435813761,24.615721984,77.944848384,47.713943552
8,16,fwd_post,10216665767042301,25.445161984,77.944848384,47.713943552
8,17,fwd_pre,10216665767691043,24.615721984,77.944848384,47.713943552
8,17,fwd_post,10216669081663786,25.445161984,77.944848384,47.713943552
8,18,fwd_pre,10216669082127680,24.615721984,77.944848384,47.713943552
8,18,fwd_post,10216672441449088,25.445161984,77.944848384,47.713943552
8,19,fwd_pre,10216672442078607,24.615721984,77.944848384,47.713943552
8,19,fwd_post,10216675776898622,25.445161984,77.944848384,47.713943552
8,20,fwd_pre,10216675777481692,24.615721984,77.944848384,47.713943552
8,20,fwd_post,10216679110546579,25.445161984,77.944848384,47.713943552
8,21,fwd_pre,10216679218829150,24.615721984,77.944848384,25.445161984
8,21,fwd_post,10216682478750591,25.445161984,77.944848384,47.713943552
8,22,fwd_pre,10216682479352927,24.615721984,77.944848384,47.713943552
8,22,fwd_post,10216685798356510,25.445161984,77.944848384,47.713943552
8,23,fwd_pre,10216685798977324,24.615721984,77.944848384,47.713943552
8,23,fwd_post,10216689147201637,25.445161984,77.944848384,47.713943552
8,24,fwd_pre,10216689147865060,24.615721984,77.944848384,47.713943552
8,24,fwd_post,10216692454862586,25.445161984,77.944848384,47.713943552
8,25,fwd_pre,10216692455329681,24.615721984,77.944848384,47.713943552
8,25,fwd_post,10216695774865907,25.445161984,77.944848384,47.713943552
8,26,fwd_pre,10216695775500505,24.615721984,77.944848384,47.713943552
8,26,fwd_post,10216699085527899,25.445161984,77.944848384,47.713943552
8,27,fwd_pre,10216699086133025,24.615721984,77.944848384,47.713943552
8,27,fwd_post,10216702402896162,25.445161984,77.944848384,47.713943552
8,28,fwd_pre,10216702403453936,24.615721984,77.944848384,47.713943552
8,28,fwd_post,10216705728357282,25.445161984,77.944848384,47.713943552
8,29,fwd_pre,10216705728801654,24.615721984,77.944848384,47.713943552
8,29,fwd_post,10216709042215917,25.445161984,77.944848384,47.713943552
8,30,fwd_pre,10216709042706943,24.615721984,77.944848384,47.713943552
8,30,fwd_post,10216712376629278,25.445161984,77.944848384,47.713943552
8,31,fwd_pre,10216712377285537,24.615721984,77.944848384,47.713943552
8,31,fwd_post,10216715709862741,25.445161984,77.944848384,47.713943552
8,32,fwd_pre,10216715710527962,24.615721984,77.944848384,47.713943552
8,32,fwd_post,10216719043938429,25.445161984,77.944848384,47.713943552
8,33,fwd_pre,10216719044382897,24.615721984,77.944848384,47.713943552
8,33,fwd_post,10216722358386031,25.445161984,77.944848384,47.713943552
8,34,fwd_pre,10216722359028302,24.615721984,77.944848384,47.713943552
8,34,fwd_post,10216725662981745,25.445161984,77.944848384,47.713943552
8,35,fwd_pre,10216725663601708,24.615721984,77.944848384,47.713943552
8,35,fwd_post,10216728983342521,25.445161984,77.944848384,47.713943552
8,36,fwd_pre,10216728983944317,24.615721984,77.944848384,47.713943552
8,36,fwd_post,10216732319934009,25.445161984,77.944848384,47.713943552
8,37,fwd_pre,10216732320387613,24.615721984,77.944848384,47.713943552
8,37,fwd_post,10216735656387391,25.445161984,77.944848384,47.713943552
8,38,fwd_pre,10216735656824230,24.615721984,77.944848384,47.713943552
8,38,fwd_post,10216738961110507,25.445161984,77.944848384,47.713943552
8,39,fwd_pre,10216738961734271,24.615721984,77.944848384,47.713943552
8,39,fwd_post,10216742296304399,25.445161984,77.944848384,47.713943552
8,39,bwd_pre,10216742451762023,26.280591872,77.944848384,40.488638464
8,39,bwd_post,10216745768515819,27.862834176,77.944848384,63.036768256
8,38,bwd_pre,10216745769118110,27.868138496,77.944848384,63.036768256
8,38,bwd_post,10216758084376875,28.043943424,77.944848384,64.62431488
8,37,bwd_pre,10216758085111768,28.043943424,77.944848384,64.62431488
8,37,bwd_post,10216770445916751,28.219748352,77.944848384,64.800119808
8,36,bwd_pre,10216770446808286,28.219748352,77.944848384,64.800119808
8,36,bwd_post,10216782774502964,28.39555328,77.944848384,64.975924736
8,35,bwd_pre,10216782775300401,28.39555328,77.944848384,64.975924736
8,35,bwd_post,10216795099153619,28.571358208,77.944848384,65.151729664
8,34,bwd_pre,10216795100398682,28.571358208,77.944848384,65.151729664
8,34,bwd_post,10216807407445366,28.747163136,77.944848384,65.327534592
8,33,bwd_pre,10216807408292052,28.747163136,77.944848384,65.327534592
8,33,bwd_post,10216819736817243,28.922968064,77.944848384,65.50333952
8,32,bwd_pre,10216819737544929,28.922968064,77.944848384,65.50333952
8,32,bwd_post,10216832077692101,29.098772992,77.944848384,65.679144448
8,31,bwd_pre,10216832078506104,29.098772992,77.944848384,65.679144448
8,31,bwd_post,10216844377702473,29.27457792,77.944848384,65.854949376
8,30,bwd_pre,10216844378653625,29.27457792,77.944848384,65.854949376
8,30,bwd_post,10216856712897590,29.450382848,77.944848384,66.030754304
8,29,bwd_pre,10216856714148694,29.450382848,77.944848384,66.030754304
8,29,bwd_post,10216869029113137,29.626187776,77.944848384,66.206559232
8,28,bwd_pre,10216869029838232,29.626187776,77.944848384,66.206559232
8,28,bwd_post,10216881349411814,29.801992704,77.944848384,66.38236416
8,27,bwd_pre,10216881350181996,29.801992704,77.944848384,66.38236416
8,27,bwd_post,10216893673706266,29.977797632,77.944848384,66.558169088
8,26,bwd_pre,10216893674507425,29.977797632,77.944848384,66.558169088
8,26,bwd_post,10216905996620406,30.15360256,77.944848384,66.733974016
8,25,bwd_pre,10216905997295928,30.15360256,77.944848384,66.733974016
8,25,bwd_post,10216918319487837,30.329407488,77.944848384,66.909778944
8,24,bwd_pre,10216918320325497,30.329407488,77.944848384,66.909778944
8,24,bwd_post,10216930633141084,30.505212416,77.944848384,67.085583872
8,23,bwd_pre,10216930633916048,30.505212416,77.944848384,67.085583872
8,23,bwd_post,10216942958360639,30.681017344,77.944848384,67.2613888
8,22,bwd_pre,10216942959207354,30.681017344,77.944848384,67.2613888
8,22,bwd_post,10216955302975691,30.856822272,77.944848384,67.437193728
8,21,bwd_pre,10216955303991620,30.856822272,77.944848384,67.437193728
8,21,bwd_post,10216967644741763,31.0326272,77.944848384,67.612998656
8,20,bwd_pre,10216967645546956,31.0326272,77.944848384,67.612998656
8,20,bwd_post,10216979982207795,31.208432128,77.944848384,67.788803584
8,19,bwd_pre,10216979983030692,31.208432128,77.944848384,67.788803584
8,19,bwd_post,10216992318594840,31.384237056,77.944848384,67.964608512
8,18,bwd_pre,10216992319318600,31.384237056,77.944848384,67.964608512
8,18,bwd_post,10217004646497746,31.560041984,77.944848384,68.14041344
8,17,bwd_pre,10217004647347902,31.560041984,77.944848384,68.14041344
8,17,bwd_post,10217016994733055,31.735846912,77.944848384,68.316218368
8,16,bwd_pre,10217016995588304,31.735846912,77.944848384,68.316218368
8,16,bwd_post,10217029340157084,31.91165184,77.944848384,68.492023296
8,15,bwd_pre,10217029340920129,31.91165184,77.944848384,68.492023296
8,15,bwd_post,10217041660965410,32.087456768,77.944848384,68.667828224
8,14,bwd_pre,10217041661607941,32.087456768,77.944848384,68.667828224
8,14,bwd_post,10217053985860005,32.263261696,77.944848384,68.843633152
8,13,bwd_pre,10217053986683120,32.263261696,77.944848384,68.843633152
8,13,bwd_post,10217066341960267,32.439066624,77.944848384,69.01943808
8,12,bwd_pre,10217066342769937,32.439066624,77.944848384,69.01943808
8,12,bwd_post,10217078684865220,32.614871552,77.944848384,69.195243008
8,11,bwd_pre,10217078685576243,32.614871552,77.944848384,69.195243008
8,11,bwd_post,10217091025324504,32.79067648,77.944848384,69.371047936
8,10,bwd_pre,10217091026115137,32.79067648,77.944848384,69.371047936
8,10,bwd_post,10217103366312182,32.966481408,77.944848384,69.546852864
8,9,bwd_pre,10217103367153479,32.966481408,77.944848384,69.546852864
8,9,bwd_post,10217115709034788,33.142286336,77.944848384,69.722657792
8,8,bwd_pre,10217115709876298,33.142286336,77.944848384,69.722657792
8,8,bwd_post,10217128052835629,33.318091264,77.944848384,69.89846272
8,7,bwd_pre,10217128053508457,33.318091264,77.944848384,69.89846272
8,7,bwd_post,10217140407536915,33.493896192,77.944848384,70.074267648
8,6,bwd_pre,10217140408346875,33.493896192,77.944848384,70.074267648
8,6,bwd_post,10217152742664991,33.66970112,77.944848384,70.250072576
8,5,bwd_pre,10217152743486797,33.66970112,77.944848384,70.250072576
8,5,bwd_post,10217165066589397,33.845506048,77.944848384,70.425877504
8,4,bwd_pre,10217165067314746,33.845506048,77.944848384,70.425877504
8,4,bwd_post,10217177406683436,34.021310976,77.944848384,70.601682432
8,3,bwd_pre,10217177407481781,34.021310976,77.944848384,70.601682432
8,3,bwd_post,10217189732235127,34.197115904,77.944848384,70.77748736
8,2,bwd_pre,10217189733097346,34.197115904,77.944848384,70.77748736
8,2,bwd_post,10217202058414362,34.372920832,77.944848384,70.953292288
8,1,bwd_pre,10217202059265402,34.372920832,77.944848384,70.953292288
8,1,bwd_post,10217214368954258,34.54872576,77.944848384,71.129097216
8,0,bwd_pre,10217214369369163,33.71398144,77.944848384,71.129097216
8,0,bwd_post,10217226739933070,32.52301568,77.944848384,71.129097216
9,0,fwd_pre,10217238355356147,24.378085888,77.944848384,36.887454208
9,0,fwd_post,10217241717293730,25.445161984,77.944848384,47.713943552
9,1,fwd_pre,10217241717869858,24.615721984,77.944848384,47.713943552
9,1,fwd_post,10217244996897787,25.445161984,77.944848384,47.713943552
9,2,fwd_pre,10217244997605148,24.615721984,77.944848384,47.713943552
9,2,fwd_post,10217248298875124,25.445161984,77.944848384,47.713943552
9,3,fwd_pre,10217248299486412,24.615721984,77.944848384,47.713943552
9,3,fwd_post,10217251582435013,25.445161984,77.944848384,47.713943552
9,4,fwd_pre,10217251583053293,24.615721984,77.944848384,47.713943552
9,4,fwd_post,10217254882124446,25.445161984,77.944848384,47.713943552
9,5,fwd_pre,10217254882547957,24.615721984,77.944848384,47.713943552
9,5,fwd_post,10217258178585323,25.445161984,77.944848384,47.713943552
9,6,fwd_pre,10217258179271187,24.615721984,77.944848384,47.713943552
9,6,fwd_post,10217261507223531,25.445161984,77.944848384,47.713943552
9,7,fwd_pre,10217261507905963,24.615721984,77.944848384,47.713943552
9,7,fwd_post,10217264828930661,25.445161984,77.944848384,47.713943552
9,8,fwd_pre,10217264829611152,24.615721984,77.944848384,47.713943552
9,8,fwd_post,10217268149507328,25.445161984,77.944848384,47.713943552
9,9,fwd_pre,10217268149981112,24.615721984,77.944848384,47.713943552
9,9,fwd_post,10217271485537552,25.445161984,77.944848384,47.713943552
9,10,fwd_pre,10217271486187105,24.615721984,77.944848384,47.713943552
9,10,fwd_post,10217274839881096,25.445161984,77.944848384,47.713943552
9,11,fwd_pre,10217274840552293,24.615721984,77.944848384,47.713943552
9,11,fwd_post,10217278175036796,25.445161984,77.944848384,47.713943552
9,12,fwd_pre,10217278175680129,24.615721984,77.944848384,47.713943552
9,12,fwd_post,10217281510186594,25.445161984,77.944848384,47.713943552
9,13,fwd_pre,10217281510656746,24.615721984,77.944848384,47.713943552
9,13,fwd_post,10217284864932664,25.445161984,77.944848384,47.713943552
9,14,fwd_pre,10217284865674862,24.615721984,77.944848384,47.713943552
9,14,fwd_post,10217288183131313,25.445161984,77.944848384,47.713943552
9,15,fwd_pre,10217288183804122,24.615721984,77.944848384,47.713943552
9,15,fwd_post,10217291507355858,25.445161984,77.944848384,47.713943552
9,16,fwd_pre,10217291508030763,24.615721984,77.944848384,47.713943552
9,16,fwd_post,10217294831950628,25.445161984,77.944848384,47.713943552
9,17,fwd_pre,10217294832440745,24.615721984,77.944848384,47.713943552
9,17,fwd_post,10217298165333486,25.445161984,77.944848384,47.713943552
9,18,fwd_pre,10217298165965085,24.615721984,77.944848384,47.713943552
9,18,fwd_post,10217301493014948,25.445161984,77.944848384,47.713943552
9,19,fwd_pre,10217301493633112,24.615721984,77.944848384,47.713943552
9,19,fwd_post,10217304834044971,25.445161984,77.944848384,47.713943552
9,20,fwd_pre,10217304834686462,24.615721984,77.944848384,47.713943552
9,20,fwd_post,10217308182645026,25.445161984,77.944848384,47.713943552
9,21,fwd_pre,10217308288892413,24.615721984,77.944848384,25.445161984
9,21,fwd_post,10217311531575218,25.445161984,77.944848384,47.713943552
9,22,fwd_pre,10217311532238225,24.615721984,77.944848384,47.713943552
9,22,fwd_post,10217314844096478,25.445161984,77.944848384,47.713943552
9,23,fwd_pre,10217314844574268,24.615721984,77.944848384,47.713943552
9,23,fwd_post,10217318177952020,25.445161984,77.944848384,47.713943552
9,24,fwd_pre,10217318178635733,24.615721984,77.944848384,47.713943552
9,24,fwd_post,10217321516754243,25.445161984,77.944848384,47.713943552
9,25,fwd_pre,10217321517226405,24.615721984,77.944848384,47.713943552
9,25,fwd_post,10217324850703184,25.445161984,77.944848384,47.713943552
9,26,fwd_pre,10217324851371636,24.615721984,77.944848384,47.713943552
9,26,fwd_post,10217328179044117,25.445161984,77.944848384,47.713943552
9,27,fwd_pre,10217328179643961,24.615721984,77.944848384,47.713943552
9,27,fwd_post,10217331483730094,25.445161984,77.944848384,47.713943552
9,28,fwd_pre,10217331484209475,24.615721984,77.944848384,47.713943552
9,28,fwd_post,10217334805145090,25.445161984,77.944848384,47.713943552
9,29,fwd_pre,10217334805617783,24.615721984,77.944848384,47.713943552
9,29,fwd_post,10217338119669480,25.445161984,77.944848384,47.713943552
9,30,fwd_pre,10217338120323330,24.615721984,77.944848384,47.713943552
9,30,fwd_post,10217341446424533,25.445161984,77.944848384,47.713943552
9,31,fwd_pre,10217341447085573,24.615721984,77.944848384,47.713943552
9,31,fwd_post,10217344753380388,25.445161984,77.944848384,47.713943552
9,32,fwd_pre,10217344754046769,24.615721984,77.944848384,47.713943552
9,32,fwd_post,10217348069399096,25.445161984,77.944848384,47.713943552
9,33,fwd_pre,10217348069832538,24.615721984,77.944848384,47.713943552
9,33,fwd_post,10217351387310722,25.445161984,77.944848384,47.713943552
9,34,fwd_pre,10217351387924038,24.615721984,77.944848384,47.713943552
9,34,fwd_post,10217354699960581,25.445161984,77.944848384,47.713943552
9,35,fwd_pre,10217354700632671,24.615721984,77.944848384,47.713943552
9,35,fwd_post,10217358030201889,25.445161984,77.944848384,47.713943552
9,36,fwd_pre,10217358030840246,24.615721984,77.944848384,47.713943552
9,36,fwd_post,10217361353892012,25.445161984,77.944848384,47.713943552
9,37,fwd_pre,10217361354334310,24.615721984,77.944848384,47.713943552
9,37,fwd_post,10217364670891305,25.445161984,77.944848384,47.713943552
9,38,fwd_pre,10217364671334011,24.615721984,77.944848384,47.713943552
9,38,fwd_post,10217367984046673,25.445161984,77.944848384,47.713943552
9,39,fwd_pre,10217367984679344,24.615721984,77.944848384,47.713943552
9,39,fwd_post,10217371332462052,25.445161984,77.944848384,47.713943552
9,39,bwd_pre,10217371489598109,26.280591872,77.944848384,40.488638464
9,39,bwd_post,10217374806971951,27.862834176,77.944848384,63.036768256
9,38,bwd_pre,10217374807689917,27.868138496,77.944848384,63.036768256
9,38,bwd_post,10217387129053370,28.043943424,77.944848384,64.62431488
9,37,bwd_pre,10217387129908070,28.043943424,77.944848384,64.62431488
9,37,bwd_post,10217399463711773,28.219748352,77.944848384,64.800119808
9,36,bwd_pre,10217399464416228,28.219748352,77.944848384,64.800119808
9,36,bwd_post,10217411781360081,28.39555328,77.944848384,64.975924736
9,35,bwd_pre,10217411782161689,28.39555328,77.944848384,64.975924736
9,35,bwd_post,10217424115818901,28.571358208,77.944848384,65.151729664
9,34,bwd_pre,10217424116607864,28.571358208,77.944848384,65.151729664
9,34,bwd_post,10217436436722163,28.747163136,77.944848384,65.327534592
9,33,bwd_pre,10217436437560983,28.747163136,77.944848384,65.327534592
9,33,bwd_post,10217448750738580,28.922968064,77.944848384,65.50333952
9,32,bwd_pre,10217448751420649,28.922968064,77.944848384,65.50333952
9,32,bwd_post,10217461068783283,29.098772992,77.944848384,65.679144448
9,31,bwd_pre,10217461069621739,29.098772992,77.944848384,65.679144448
9,31,bwd_post,10217473399951814,29.27457792,77.944848384,65.854949376
9,30,bwd_pre,10217473400772551,29.27457792,77.944848384,65.854949376
9,30,bwd_post,10217485752974458,29.450382848,77.944848384,66.030754304
9,29,bwd_pre,10217485753760904,29.450382848,77.944848384,66.030754304
9,29,bwd_post,10217498101875863,29.626187776,77.944848384,66.206559232
9,28,bwd_pre,10217498102691221,29.626187776,77.944848384,66.206559232
9,28,bwd_post,10217510432358311,29.801992704,77.944848384,66.38236416
9,27,bwd_pre,10217510433165052,29.801992704,77.944848384,66.38236416
9,27,bwd_post,10217522780875930,29.977797632,77.944848384,66.558169088
9,26,bwd_pre,10217522781680810,29.977797632,77.944848384,66.558169088
9,26,bwd_post,10217535110328853,30.15360256,77.944848384,66.733974016
9,25,bwd_pre,10217535111028878,30.15360256,77.944848384,66.733974016
9,25,bwd_post,10217547431468201,30.329407488,77.944848384,66.909778944
9,24,bwd_pre,10217547432284236,30.329407488,77.944848384,66.909778944
9,24,bwd_post,10217559782589276,30.505212416,77.944848384,67.085583872
9,23,bwd_pre,10217559783371457,30.505212416,77.944848384,67.085583872
9,23,bwd_post,10217572127316731,30.681017344,77.944848384,67.2613888
9,22,bwd_pre,10217572128099049,30.681017344,77.944848384,67.2613888
9,22,bwd_post,10217584470992285,30.856822272,77.944848384,67.437193728
9,21,bwd_pre,10217584471640407,30.856822272,77.944848384,67.437193728
9,21,bwd_post,10217596813404197,31.0326272,77.944848384,67.612998656
9,20,bwd_pre,10217596814197114,31.0326272,77.944848384,67.612998656
9,20,bwd_post,10217609164874915,31.208432128,77.944848384,67.788803584
9,19,bwd_pre,10217609165676083,31.208432128,77.944848384,67.788803584
9,19,bwd_post,10217621507797308,31.384237056,77.944848384,67.964608512
9,18,bwd_pre,10217621508490637,31.384237056,77.944848384,67.964608512
9,18,bwd_post,10217633853447997,31.560041984,77.944848384,68.14041344
9,17,bwd_pre,10217633854309147,31.560041984,77.944848384,68.14041344
9,17,bwd_post,10217646190651864,31.735846912,77.944848384,68.316218368
9,16,bwd_pre,10217646191526557,31.735846912,77.944848384,68.316218368
9,16,bwd_post,10217658526527259,31.91165184,77.944848384,68.492023296
9,15,bwd_pre,10217658527310992,31.91165184,77.944848384,68.492023296
9,15,bwd_post,10217670841709172,32.087456768,77.944848384,68.667828224
9,14,bwd_pre,10217670842353766,32.087456768,77.944848384,68.667828224
9,14,bwd_post,10217683181446144,32.263261696,77.944848384,68.843633152
9,13,bwd_pre,10217683182290392,32.263261696,77.944848384,68.843633152
9,13,bwd_post,10217695528225041,32.439066624,77.944848384,69.01943808
9,12,bwd_pre,10217695529092551,32.439066624,77.944848384,69.01943808
9,12,bwd_post,10217707865953091,32.614871552,77.944848384,69.195243008
9,11,bwd_pre,10217707866609215,32.614871552,77.944848384,69.195243008
9,11,bwd_post,10217720200230715,32.79067648,77.944848384,69.371047936
9,10,bwd_pre,10217720201054440,32.79067648,77.944848384,69.371047936
9,10,bwd_post,10217732551054188,32.966481408,77.944848384,69.546852864
9,9,bwd_pre,10217732551884826,32.966481408,77.944848384,69.546852864
9,9,bwd_post,10217744895348825,33.142286336,77.944848384,69.722657792
9,8,bwd_pre,10217744896155746,33.142286336,77.944848384,69.722657792
9,8,bwd_post,10217757235798587,33.318091264,77.944848384,69.89846272
9,7,bwd_pre,10217757236460035,33.318091264,77.944848384,69.89846272
9,7,bwd_post,10217769577714880,33.493896192,77.944848384,70.074267648
9,6,bwd_pre,10217769578527945,33.493896192,77.944848384,70.074267648
9,6,bwd_post,10217781923697909,33.66970112,77.944848384,70.250072576
9,5,bwd_pre,10217781924543996,33.66970112,77.944848384,70.250072576
9,5,bwd_post,10217794242310149,33.845506048,77.944848384,70.425877504
9,4,bwd_pre,10217794243010019,33.845506048,77.944848384,70.425877504
9,4,bwd_post,10217806548031349,34.021310976,77.944848384,70.601682432
9,3,bwd_pre,10217806548873066,34.021310976,77.944848384,70.601682432
9,3,bwd_post,10217818851201718,34.197115904,77.944848384,70.77748736
9,2,bwd_pre,10217818851991206,34.197115904,77.944848384,70.77748736
9,2,bwd_post,10217831161490542,34.372920832,77.944848384,70.953292288
9,1,bwd_pre,10217831162286777,34.372920832,77.944848384,70.953292288
9,1,bwd_post,10217843469267018,34.54872576,77.944848384,71.129097216
9,0,bwd_pre,10217843469671512,33.71398144,77.944848384,71.129097216
9,0,bwd_post,10217855835673788,32.52301568,77.944848384,71.129097216
